figure,setting_index,distance,fidelity_target,factory_physical_size,metric_mode,trial,seed,n_qubits,k_t_per_qubit,layers_parallel,ratio,n_factories,makespan,metric_value
fig1,0,7,1e-08,2,cycles_per_t,0,1000,1,10,False,,1,253.5,25.35
fig1,0,7,1e-08,2,cycles_per_t,1,1001,1,10,False,,1,185.5,18.55
fig1,0,7,1e-08,2,cycles_per_t,2,1002,1,10,False,,1,272.5,27.25
fig1,0,7,1e-08,2,cycles_per_t,3,1003,1,10,False,,1,318.5,31.85
fig1,0,7,1e-08,2,cycles_per_t,4,1004,1,10,False,,1,374.5,37.45
fig1,0,7,1e-08,2,cycles_per_t,5,1005,1,10,False,,1,237.5,23.75
fig1,0,7,1e-08,2,cycles_per_t,6,1006,1,10,False,,1,317.5,31.75
fig1,0,7,1e-08,2,cycles_per_t,7,1007,1,10,False,,1,402.5,40.25
fig1,0,7,1e-08,2,cycles_per_t,8,1008,1,10,False,,1,294.5,29.45
fig1,0,7,1e-08,2,cycles_per_t,9,1009,1,10,False,,1,377.5,37.75
fig1,0,7,1e-08,2,cycles_per_t,0,2000,1,10,False,,2,187.5,37.5
fig1,0,7,1e-08,2,cycles_per_t,1,2001,1,10,False,,2,225.5,45.1
fig1,0,7,1e-08,2,cycles_per_t,2,2002,1,10,False,,2,182.5,36.5
fig1,0,7,1e-08,2,cycles_per_t,3,2003,1,10,False,,2,214.5,42.9
fig1,0,7,1e-08,2,cycles_per_t,4,2004,1,10,False,,2,191.5,38.3
fig1,0,7,1e-08,2,cycles_per_t,5,2005,1,10,False,,2,239.5,47.9
fig1,0,7,1e-08,2,cycles_per_t,6,2006,1,10,False,,2,208.5,41.7
fig1,0,7,1e-08,2,cycles_per_t,7,2007,1,10,False,,2,156.5,31.3
fig1,0,7,1e-08,2,cycles_per_t,8,2008,1,10,False,,2,190.5,38.1
fig1,0,7,1e-08,2,cycles_per_t,9,2009,1,10,False,,2,163.5,32.7
fig1,0,7,1e-08,2,cycles_per_t,0,3000,1,10,False,,3,95.0,28.5
fig1,0,7,1e-08,2,cycles_per_t,1,3001,1,10,False,,3,126.0,37.8
fig1,0,7,1e-08,2,cycles_per_t,2,3002,1,10,False,,3,85.0,25.5
fig1,0,7,1e-08,2,cycles_per_t,3,3003,1,10,False,,3,145.5,43.65
fig1,0,7,1e-08,2,cycles_per_t,4,3004,1,10,False,,3,162.0,48.6
fig1,0,7,1e-08,2,cycles_per_t,5,3005,1,10,False,,3,124.5,37.35
fig1,0,7,1e-08,2,cycles_per_t,6,3006,1,10,False,,3,124.0,37.2
fig1,0,7,1e-08,2,cycles_per_t,7,3007,1,10,False,,3,131.0,39.3
fig1,0,7,1e-08,2,cycles_per_t,8,3008,1,10,False,,3,100.0,30.0
fig1,0,7,1e-08,2,cycles_per_t,9,3009,1,10,False,,3,134.5,40.35
fig1,0,7,1e-08,2,cycles_per_t,0,4000,1,10,False,,4,111.5,44.6
fig1,0,7,1e-08,2,cycles_per_t,1,4001,1,10,False,,4,113.0,45.2
fig1,0,7,1e-08,2,cycles_per_t,2,4002,1,10,False,,4,95.5,38.2
fig1,0,7,1e-08,2,cycles_per_t,3,4003,1,10,False,,4,109.5,43.8
fig1,0,7,1e-08,2,cycles_per_t,4,4004,1,10,False,,4,125.5,50.2
fig1,0,7,1e-08,2,cycles_per_t,5,4005,1,10,False,,4,123.0,49.2
fig1,0,7,1e-08,2,cycles_per_t,6,4006,1,10,False,,4,123.5,49.4
fig1,0,7,1e-08,2,cycles_per_t,7,4007,1,10,False,,4,83.0,33.2
fig1,0,7,1e-08,2,cycles_per_t,8,4008,1,10,False,,4,151.5,60.6
fig1,0,7,1e-08,2,cycles_per_t,9,4009,1,10,False,,4,83.5,33.4
fig1,0,7,1e-08,2,cycles_per_t,0,5000,1,10,False,,5,100.0,50.0
fig1,0,7,1e-08,2,cycles_per_t,1,5001,1,10,False,,5,98.5,49.25
fig1,0,7,1e-08,2,cycles_per_t,2,5002,1,10,False,,5,136.5,68.25
fig1,0,7,1e-08,2,cycles_per_t,3,5003,1,10,False,,5,97.5,48.75
fig1,0,7,1e-08,2,cycles_per_t,4,5004,1,10,False,,5,86.0,43.0
fig1,0,7,1e-08,2,cycles_per_t,5,5005,1,10,False,,5,87.0,43.5
fig1,0,7,1e-08,2,cycles_per_t,6,5006,1,10,False,,5,83.0,41.5
fig1,0,7,1e-08,2,cycles_per_t,7,5007,1,10,False,,5,114.5,57.25
fig1,0,7,1e-08,2,cycles_per_t,8,5008,1,10,False,,5,72.0,36.0
fig1,0,7,1e-08,2,cycles_per_t,9,5009,1,10,False,,5,111.0,55.5
fig1,0,7,1e-08,2,cycles_per_t,0,6000,1,10,False,,6,72.5,43.5
fig1,0,7,1e-08,2,cycles_per_t,1,6001,1,10,False,,6,103.5,62.1
fig1,0,7,1e-08,2,cycles_per_t,2,6002,1,10,False,,6,91.0,54.6
fig1,0,7,1e-08,2,cycles_per_t,3,6003,1,10,False,,6,88.0,52.8
fig1,0,7,1e-08,2,cycles_per_t,4,6004,1,10,False,,6,71.0,42.6
fig1,0,7,1e-08,2,cycles_per_t,5,6005,1,10,False,,6,87.0,52.2
fig1,0,7,1e-08,2,cycles_per_t,6,6006,1,10,False,,6,74.5,44.7
fig1,0,7,1e-08,2,cycles_per_t,7,6007,1,10,False,,6,86.5,51.9
fig1,0,7,1e-08,2,cycles_per_t,8,6008,1,10,False,,6,88.0,52.8
fig1,0,7,1e-08,2,cycles_per_t,9,6009,1,10,False,,6,113.0,67.8
fig1,0,7,1e-08,2,cycles_per_t,0,7000,1,10,False,,7,76.0,53.2
fig1,0,7,1e-08,2,cycles_per_t,1,7001,1,10,False,,7,87.0,60.9
fig1,0,7,1e-08,2,cycles_per_t,2,7002,1,10,False,,7,82.0,57.4
fig1,0,7,1e-08,2,cycles_per_t,3,7003,1,10,False,,7,74.0,51.8
fig1,0,7,1e-08,2,cycles_per_t,4,7004,1,10,False,,7,73.0,51.1
fig1,0,7,1e-08,2,cycles_per_t,5,7005,1,10,False,,7,73.0,51.1
fig1,0,7,1e-08,2,cycles_per_t,6,7006,1,10,False,,7,70.0,49.0
fig1,0,7,1e-08,2,cycles_per_t,7,7007,1,10,False,,7,74.5,52.15
fig1,0,7,1e-08,2,cycles_per_t,8,7008,1,10,False,,7,73.0,51.1
fig1,0,7,1e-08,2,cycles_per_t,9,7009,1,10,False,,7,88.5,61.95
fig1,0,7,1e-08,2,cycles_per_t,0,8000,1,10,False,,8,84.0,67.2
fig1,0,7,1e-08,2,cycles_per_t,1,8001,1,10,False,,8,76.5,61.2
fig1,0,7,1e-08,2,cycles_per_t,2,8002,1,10,False,,8,85.5,68.4
fig1,0,7,1e-08,2,cycles_per_t,3,8003,1,10,False,,8,71.5,57.2
fig1,0,7,1e-08,2,cycles_per_t,4,8004,1,10,False,,8,74.0,59.2
fig1,0,7,1e-08,2,cycles_per_t,5,8005,1,10,False,,8,89.0,71.2
fig1,0,7,1e-08,2,cycles_per_t,6,8006,1,10,False,,8,59.5,47.6
fig1,0,7,1e-08,2,cycles_per_t,7,8007,1,10,False,,8,87.5,70.0
fig1,0,7,1e-08,2,cycles_per_t,8,8008,1,10,False,,8,70.0,56.0
fig1,0,7,1e-08,2,cycles_per_t,9,8009,1,10,False,,8,73.0,58.4
fig1,0,7,1e-08,2,cycles_per_t,0,9000,1,10,False,,9,73.0,65.7
fig1,0,7,1e-08,2,cycles_per_t,1,9001,1,10,False,,9,87.5,78.75
fig1,0,7,1e-08,2,cycles_per_t,2,9002,1,10,False,,9,91.0,81.9
fig1,0,7,1e-08,2,cycles_per_t,3,9003,1,10,False,,9,60.0,54.0
fig1,0,7,1e-08,2,cycles_per_t,4,9004,1,10,False,,9,59.5,53.55
fig1,0,7,1e-08,2,cycles_per_t,5,9005,1,10,False,,9,89.0,80.1
fig1,0,7,1e-08,2,cycles_per_t,6,9006,1,10,False,,9,74.5,67.05
fig1,0,7,1e-08,2,cycles_per_t,7,9007,1,10,False,,9,63.0,56.7
fig1,0,7,1e-08,2,cycles_per_t,8,9008,1,10,False,,9,91.0,81.9
fig1,0,7,1e-08,2,cycles_per_t,9,9009,1,10,False,,9,86.0,77.4
fig1,0,7,1e-08,2,cycles_per_t,0,10000,1,10,False,,10,76.0,76.0
fig1,0,7,1e-08,2,cycles_per_t,1,10001,1,10,False,,10,91.0,91.0
fig1,0,7,1e-08,2,cycles_per_t,2,10002,1,10,False,,10,77.5,77.5
fig1,0,7,1e-08,2,cycles_per_t,3,10003,1,10,False,,10,62.5,62.5
fig1,0,7,1e-08,2,cycles_per_t,4,10004,1,10,False,,10,79.0,79.0
fig1,0,7,1e-08,2,cycles_per_t,5,10005,1,10,False,,10,62.5,62.5
fig1,0,7,1e-08,2,cycles_per_t,6,10006,1,10,False,,10,79.0,79.0
fig1,0,7,1e-08,2,cycles_per_t,7,10007,1,10,False,,10,71.5,71.5
fig1,0,7,1e-08,2,cycles_per_t,8,10008,1,10,False,,10,74.5,74.5
fig1,0,7,1e-08,2,cycles_per_t,9,10009,1,10,False,,10,63.0,63.0
fig1,0,7,1e-08,2,cycles_per_t,0,11000,1,10,False,,11,62.0,68.2
fig1,0,7,1e-08,2,cycles_per_t,1,11001,1,10,False,,11,75.0,82.5
fig1,0,7,1e-08,2,cycles_per_t,2,11002,1,10,False,,11,76.0,83.6
fig1,0,7,1e-08,2,cycles_per_t,3,11003,1,10,False,,11,74.5,81.95
fig1,0,7,1e-08,2,cycles_per_t,4,11004,1,10,False,,11,75.0,82.5
fig1,0,7,1e-08,2,cycles_per_t,5,11005,1,10,False,,11,50.0,55.0
fig1,0,7,1e-08,2,cycles_per_t,6,11006,1,10,False,,11,65.5,72.05
fig1,0,7,1e-08,2,cycles_per_t,7,11007,1,10,False,,11,74.0,81.4
fig1,0,7,1e-08,2,cycles_per_t,8,11008,1,10,False,,11,62.0,68.2
fig1,0,7,1e-08,2,cycles_per_t,9,11009,1,10,False,,11,65.0,71.5
fig1,0,7,1e-08,2,cycles_per_t,0,12000,1,10,False,,12,67.5,81.0
fig1,0,7,1e-08,2,cycles_per_t,1,12001,1,10,False,,12,77.0,92.4
fig1,0,7,1e-08,2,cycles_per_t,2,12002,1,10,False,,12,67.0,80.4
fig1,0,7,1e-08,2,cycles_per_t,3,12003,1,10,False,,12,61.0,73.2
fig1,0,7,1e-08,2,cycles_per_t,4,12004,1,10,False,,12,80.5,96.6
fig1,0,7,1e-08,2,cycles_per_t,5,12005,1,10,False,,12,76.0,91.2
fig1,0,7,1e-08,2,cycles_per_t,6,12006,1,10,False,,12,61.5,73.8
fig1,0,7,1e-08,2,cycles_per_t,7,12007,1,10,False,,12,64.0,76.8
fig1,0,7,1e-08,2,cycles_per_t,8,12008,1,10,False,,12,78.0,93.6
fig1,0,7,1e-08,2,cycles_per_t,9,12009,1,10,False,,12,61.5,73.8
fig1,0,7,1e-08,2,cycles_per_t,0,13000,1,10,False,,13,62.0,80.6
fig1,0,7,1e-08,2,cycles_per_t,1,13001,1,10,False,,13,65.0,84.5
fig1,0,7,1e-08,2,cycles_per_t,2,13002,1,10,False,,13,65.5,85.15
fig1,0,7,1e-08,2,cycles_per_t,3,13003,1,10,False,,13,62.5,81.25
fig1,0,7,1e-08,2,cycles_per_t,4,13004,1,10,False,,13,80.5,104.65
fig1,0,7,1e-08,2,cycles_per_t,5,13005,1,10,False,,13,66.0,85.8
fig1,0,7,1e-08,2,cycles_per_t,6,13006,1,10,False,,13,64.5,83.85
fig1,0,7,1e-08,2,cycles_per_t,7,13007,1,10,False,,13,74.0,96.2
fig1,0,7,1e-08,2,cycles_per_t,8,13008,1,10,False,,13,59.0,76.7
fig1,0,7,1e-08,2,cycles_per_t,9,13009,1,10,False,,13,66.5,86.45
fig1,0,7,1e-08,2,cycles_per_t,0,14000,1,10,False,,14,65.0,91.0
fig1,0,7,1e-08,2,cycles_per_t,1,14001,1,10,False,,14,64.5,90.3
fig1,0,7,1e-08,2,cycles_per_t,2,14002,1,10,False,,14,60.5,84.7
fig1,0,7,1e-08,2,cycles_per_t,3,14003,1,10,False,,14,61.0,85.4
fig1,0,7,1e-08,2,cycles_per_t,4,14004,1,10,False,,14,66.0,92.4
fig1,0,7,1e-08,2,cycles_per_t,5,14005,1,10,False,,14,63.5,88.9
fig1,0,7,1e-08,2,cycles_per_t,6,14006,1,10,False,,14,61.5,86.1
fig1,0,7,1e-08,2,cycles_per_t,7,14007,1,10,False,,14,77.0,107.8
fig1,0,7,1e-08,2,cycles_per_t,8,14008,1,10,False,,14,62.5,87.5
fig1,0,7,1e-08,2,cycles_per_t,9,14009,1,10,False,,14,61.0,85.4
fig1,0,7,1e-08,2,cycles_per_t,0,15000,1,10,False,,15,66.0,99.0
fig1,0,7,1e-08,2,cycles_per_t,1,15001,1,10,False,,15,64.5,96.75
fig1,0,7,1e-08,2,cycles_per_t,2,15002,1,10,False,,15,62.5,93.75
fig1,0,7,1e-08,2,cycles_per_t,3,15003,1,10,False,,15,63.5,95.25
fig1,0,7,1e-08,2,cycles_per_t,4,15004,1,10,False,,15,62.5,93.75
fig1,0,7,1e-08,2,cycles_per_t,5,15005,1,10,False,,15,65.5,98.25
fig1,0,7,1e-08,2,cycles_per_t,6,15006,1,10,False,,15,66.5,99.75
fig1,0,7,1e-08,2,cycles_per_t,7,15007,1,10,False,,15,64.0,96.0
fig1,0,7,1e-08,2,cycles_per_t,8,15008,1,10,False,,15,67.0,100.5
fig1,0,7,1e-08,2,cycles_per_t,9,15009,1,10,False,,15,65.0,97.5
fig1,0,7,1e-08,2,cycles_per_t,0,16000,1,10,False,,16,52.0,83.2
fig1,0,7,1e-08,2,cycles_per_t,1,16001,1,10,False,,16,63.0,100.8
fig1,0,7,1e-08,2,cycles_per_t,2,16002,1,10,False,,16,61.5,98.4
fig1,0,7,1e-08,2,cycles_per_t,3,16003,1,10,False,,16,64.0,102.4
fig1,0,7,1e-08,2,cycles_per_t,4,16004,1,10,False,,16,61.5,98.4
fig1,0,7,1e-08,2,cycles_per_t,5,16005,1,10,False,,16,48.5,77.6
fig1,0,7,1e-08,2,cycles_per_t,6,16006,1,10,False,,16,49.0,78.4
fig1,0,7,1e-08,2,cycles_per_t,7,16007,1,10,False,,16,66.0,105.6
fig1,0,7,1e-08,2,cycles_per_t,8,16008,1,10,False,,16,65.0,104.0
fig1,0,7,1e-08,2,cycles_per_t,9,16009,1,10,False,,16,61.5,98.4
fig1,0,7,1e-08,2,cycles_per_t,0,17000,1,10,False,,17,68.5,116.45
fig1,0,7,1e-08,2,cycles_per_t,1,17001,1,10,False,,17,52.5,89.25
fig1,0,7,1e-08,2,cycles_per_t,2,17002,1,10,False,,17,52.0,88.4
fig1,0,7,1e-08,2,cycles_per_t,3,17003,1,10,False,,17,51.0,86.7
fig1,0,7,1e-08,2,cycles_per_t,4,17004,1,10,False,,17,62.5,106.25
fig1,0,7,1e-08,2,cycles_per_t,5,17005,1,10,False,,17,67.0,113.9
fig1,0,7,1e-08,2,cycles_per_t,6,17006,1,10,False,,17,65.5,111.35
fig1,0,7,1e-08,2,cycles_per_t,7,17007,1,10,False,,17,51.5,87.55
fig1,0,7,1e-08,2,cycles_per_t,8,17008,1,10,False,,17,49.5,84.15
fig1,0,7,1e-08,2,cycles_per_t,9,17009,1,10,False,,17,68.5,116.45
fig1,0,7,1e-08,2,cycles_per_t,0,18000,1,10,False,,18,51.0,91.8
fig1,0,7,1e-08,2,cycles_per_t,1,18001,1,10,False,,18,47.5,85.5
fig1,0,7,1e-08,2,cycles_per_t,2,18002,1,10,False,,18,50.0,90.0
fig1,0,7,1e-08,2,cycles_per_t,3,18003,1,10,False,,18,52.0,93.6
fig1,0,7,1e-08,2,cycles_per_t,4,18004,1,10,False,,18,79.0,142.2
fig1,0,7,1e-08,2,cycles_per_t,5,18005,1,10,False,,18,54.0,97.2
fig1,0,7,1e-08,2,cycles_per_t,6,18006,1,10,False,,18,50.5,90.9
fig1,0,7,1e-08,2,cycles_per_t,7,18007,1,10,False,,18,65.0,117.0
fig1,0,7,1e-08,2,cycles_per_t,8,18008,1,10,False,,18,57.5,103.5
fig1,0,7,1e-08,2,cycles_per_t,9,18009,1,10,False,,18,66.5,119.7
fig1,0,7,1e-08,2,cycles_per_t,0,19000,1,10,False,,19,63.5,120.65
fig1,0,7,1e-08,2,cycles_per_t,1,19001,1,10,False,,19,76.0,144.4
fig1,0,7,1e-08,2,cycles_per_t,2,19002,1,10,False,,19,47.5,90.25
fig1,0,7,1e-08,2,cycles_per_t,3,19003,1,10,False,,19,65.5,124.45
fig1,0,7,1e-08,2,cycles_per_t,4,19004,1,10,False,,19,71.5,135.85
fig1,0,7,1e-08,2,cycles_per_t,5,19005,1,10,False,,19,53.5,101.65
fig1,0,7,1e-08,2,cycles_per_t,6,19006,1,10,False,,19,66.0,125.4
fig1,0,7,1e-08,2,cycles_per_t,7,19007,1,10,False,,19,66.0,125.4
fig1,0,7,1e-08,2,cycles_per_t,8,19008,1,10,False,,19,63.0,119.7
fig1,0,7,1e-08,2,cycles_per_t,9,19009,1,10,False,,19,52.0,98.8
fig1,0,7,1e-08,2,cycles_per_t,0,20000,1,10,False,,20,52.0,104.0
fig1,0,7,1e-08,2,cycles_per_t,1,20001,1,10,False,,20,68.0,136.0
fig1,0,7,1e-08,2,cycles_per_t,2,20002,1,10,False,,20,62.5,125.0
fig1,0,7,1e-08,2,cycles_per_t,3,20003,1,10,False,,20,53.0,106.0
fig1,0,7,1e-08,2,cycles_per_t,4,20004,1,10,False,,20,53.0,106.0
fig1,0,7,1e-08,2,cycles_per_t,5,20005,1,10,False,,20,65.5,131.0
fig1,0,7,1e-08,2,cycles_per_t,6,20006,1,10,False,,20,47.0,94.0
fig1,0,7,1e-08,2,cycles_per_t,7,20007,1,10,False,,20,70.0,140.0
fig1,0,7,1e-08,2,cycles_per_t,8,20008,1,10,False,,20,68.5,137.0
fig1,0,7,1e-08,2,cycles_per_t,9,20009,1,10,False,,20,50.0,100.0
fig1,1,13,1e-08,4,cycles_per_t,0,1001000,1,10,False,,1,236.5,23.65
fig1,1,13,1e-08,4,cycles_per_t,1,1001001,1,10,False,,1,232.5,23.25
fig1,1,13,1e-08,4,cycles_per_t,2,1001002,1,10,False,,1,204.5,20.45
fig1,1,13,1e-08,4,cycles_per_t,3,1001003,1,10,False,,1,176.5,17.65
fig1,1,13,1e-08,4,cycles_per_t,4,1001004,1,10,False,,1,207.5,20.75
fig1,1,13,1e-08,4,cycles_per_t,5,1001005,1,10,False,,1,235.5,23.55
fig1,1,13,1e-08,4,cycles_per_t,6,1001006,1,10,False,,1,207.5,20.75
fig1,1,13,1e-08,4,cycles_per_t,7,1001007,1,10,False,,1,195.5,19.55
fig1,1,13,1e-08,4,cycles_per_t,8,1001008,1,10,False,,1,214.5,21.45
fig1,1,13,1e-08,4,cycles_per_t,9,1001009,1,10,False,,1,280.5,28.05
fig1,1,13,1e-08,4,cycles_per_t,0,1002000,1,10,False,,2,132.5,26.5
fig1,1,13,1e-08,4,cycles_per_t,1,1002001,1,10,False,,2,143.5,28.7
fig1,1,13,1e-08,4,cycles_per_t,2,1002002,1,10,False,,2,121.5,24.3
fig1,1,13,1e-08,4,cycles_per_t,3,1002003,1,10,False,,2,133.5,26.7
fig1,1,13,1e-08,4,cycles_per_t,4,1002004,1,10,False,,2,134.5,26.9
fig1,1,13,1e-08,4,cycles_per_t,5,1002005,1,10,False,,2,161.5,32.3
fig1,1,13,1e-08,4,cycles_per_t,6,1002006,1,10,False,,2,136.5,27.3
fig1,1,13,1e-08,4,cycles_per_t,7,1002007,1,10,False,,2,121.5,24.3
fig1,1,13,1e-08,4,cycles_per_t,8,1002008,1,10,False,,2,119.5,23.9
fig1,1,13,1e-08,4,cycles_per_t,9,1002009,1,10,False,,2,119.5,23.9
fig1,1,13,1e-08,4,cycles_per_t,0,1003000,1,10,False,,3,99.0,29.7
fig1,1,13,1e-08,4,cycles_per_t,1,1003001,1,10,False,,3,99.5,29.85
fig1,1,13,1e-08,4,cycles_per_t,2,1003002,1,10,False,,3,85.5,25.65
fig1,1,13,1e-08,4,cycles_per_t,3,1003003,1,10,False,,3,107.5,32.25
fig1,1,13,1e-08,4,cycles_per_t,4,1003004,1,10,False,,3,97.0,29.1
fig1,1,13,1e-08,4,cycles_per_t,5,1003005,1,10,False,,3,86.5,25.95
fig1,1,13,1e-08,4,cycles_per_t,6,1003006,1,10,False,,3,83.0,24.9
fig1,1,13,1e-08,4,cycles_per_t,7,1003007,1,10,False,,3,119.5,35.85
fig1,1,13,1e-08,4,cycles_per_t,8,1003008,1,10,False,,3,82.5,24.75
fig1,1,13,1e-08,4,cycles_per_t,9,1003009,1,10,False,,3,85.5,25.65
fig1,1,13,1e-08,4,cycles_per_t,0,1004000,1,10,False,,4,89.5,35.8
fig1,1,13,1e-08,4,cycles_per_t,1,1004001,1,10,False,,4,74.5,29.8
fig1,1,13,1e-08,4,cycles_per_t,2,1004002,1,10,False,,4,82.5,33.0
fig1,1,13,1e-08,4,cycles_per_t,3,1004003,1,10,False,,4,105.0,42.0
fig1,1,13,1e-08,4,cycles_per_t,4,1004004,1,10,False,,4,73.0,29.2
fig1,1,13,1e-08,4,cycles_per_t,5,1004005,1,10,False,,4,71.5,28.6
fig1,1,13,1e-08,4,cycles_per_t,6,1004006,1,10,False,,4,88.5,35.4
fig1,1,13,1e-08,4,cycles_per_t,7,1004007,1,10,False,,4,74.5,29.8
fig1,1,13,1e-08,4,cycles_per_t,8,1004008,1,10,False,,4,71.0,28.4
fig1,1,13,1e-08,4,cycles_per_t,9,1004009,1,10,False,,4,83.5,33.4
fig1,1,13,1e-08,4,cycles_per_t,0,1005000,1,10,False,,5,60.5,30.25
fig1,1,13,1e-08,4,cycles_per_t,1,1005001,1,10,False,,5,72.0,36.0
fig1,1,13,1e-08,4,cycles_per_t,2,1005002,1,10,False,,5,75.0,37.5
fig1,1,13,1e-08,4,cycles_per_t,3,1005003,1,10,False,,5,72.5,36.25
fig1,1,13,1e-08,4,cycles_per_t,4,1005004,1,10,False,,5,69.0,34.5
fig1,1,13,1e-08,4,cycles_per_t,5,1005005,1,10,False,,5,72.5,36.25
fig1,1,13,1e-08,4,cycles_per_t,6,1005006,1,10,False,,5,72.0,36.0
fig1,1,13,1e-08,4,cycles_per_t,7,1005007,1,10,False,,5,69.5,34.75
fig1,1,13,1e-08,4,cycles_per_t,8,1005008,1,10,False,,5,58.0,29.0
fig1,1,13,1e-08,4,cycles_per_t,9,1005009,1,10,False,,5,75.0,37.5
fig1,1,13,1e-08,4,cycles_per_t,0,1006000,1,10,False,,6,73.0,43.8
fig1,1,13,1e-08,4,cycles_per_t,1,1006001,1,10,False,,6,60.0,36.0
fig1,1,13,1e-08,4,cycles_per_t,2,1006002,1,10,False,,6,73.0,43.8
fig1,1,13,1e-08,4,cycles_per_t,3,1006003,1,10,False,,6,59.0,35.4
fig1,1,13,1e-08,4,cycles_per_t,4,1006004,1,10,False,,6,73.0,43.8
fig1,1,13,1e-08,4,cycles_per_t,5,1006005,1,10,False,,6,57.0,34.2
fig1,1,13,1e-08,4,cycles_per_t,6,1006006,1,10,False,,6,61.0,36.6
fig1,1,13,1e-08,4,cycles_per_t,7,1006007,1,10,False,,6,59.5,35.7
fig1,1,13,1e-08,4,cycles_per_t,8,1006008,1,10,False,,6,72.0,43.2
fig1,1,13,1e-08,4,cycles_per_t,9,1006009,1,10,False,,6,63.5,38.1
fig1,1,13,1e-08,4,cycles_per_t,0,1007000,1,10,False,,7,60.0,42.0
fig1,1,13,1e-08,4,cycles_per_t,1,1007001,1,10,False,,7,58.0,40.6
fig1,1,13,1e-08,4,cycles_per_t,2,1007002,1,10,False,,7,59.0,41.3
fig1,1,13,1e-08,4,cycles_per_t,3,1007003,1,10,False,,7,74.0,51.8
fig1,1,13,1e-08,4,cycles_per_t,4,1007004,1,10,False,,7,57.5,40.25
fig1,1,13,1e-08,4,cycles_per_t,5,1007005,1,10,False,,7,75.0,52.5
fig1,1,13,1e-08,4,cycles_per_t,6,1007006,1,10,False,,7,59.0,41.3
fig1,1,13,1e-08,4,cycles_per_t,7,1007007,1,10,False,,7,71.0,49.7
fig1,1,13,1e-08,4,cycles_per_t,8,1007008,1,10,False,,7,61.5,43.05
fig1,1,13,1e-08,4,cycles_per_t,9,1007009,1,10,False,,7,74.0,51.8
fig1,1,13,1e-08,4,cycles_per_t,0,1008000,1,10,False,,8,57.5,46.0
fig1,1,13,1e-08,4,cycles_per_t,1,1008001,1,10,False,,8,59.5,47.6
fig1,1,13,1e-08,4,cycles_per_t,2,1008002,1,10,False,,8,60.5,48.4
fig1,1,13,1e-08,4,cycles_per_t,3,1008003,1,10,False,,8,60.5,48.4
fig1,1,13,1e-08,4,cycles_per_t,4,1008004,1,10,False,,8,62.0,49.6
fig1,1,13,1e-08,4,cycles_per_t,5,1008005,1,10,False,,8,58.5,46.8
fig1,1,13,1e-08,4,cycles_per_t,6,1008006,1,10,False,,8,58.5,46.8
fig1,1,13,1e-08,4,cycles_per_t,7,1008007,1,10,False,,8,62.5,50.0
fig1,1,13,1e-08,4,cycles_per_t,8,1008008,1,10,False,,8,62.0,49.6
fig1,1,13,1e-08,4,cycles_per_t,9,1008009,1,10,False,,8,64.5,51.6
fig1,1,13,1e-08,4,cycles_per_t,0,1009000,1,10,False,,9,61.5,55.35
fig1,1,13,1e-08,4,cycles_per_t,1,1009001,1,10,False,,9,61.5,55.35
fig1,1,13,1e-08,4,cycles_per_t,2,1009002,1,10,False,,9,58.0,52.2
fig1,1,13,1e-08,4,cycles_per_t,3,1009003,1,10,False,,9,63.5,57.15
fig1,1,13,1e-08,4,cycles_per_t,4,1009004,1,10,False,,9,60.5,54.45
fig1,1,13,1e-08,4,cycles_per_t,5,1009005,1,10,False,,9,64.5,58.05
fig1,1,13,1e-08,4,cycles_per_t,6,1009006,1,10,False,,9,59.5,53.55
fig1,1,13,1e-08,4,cycles_per_t,7,1009007,1,10,False,,9,76.5,68.85
fig1,1,13,1e-08,4,cycles_per_t,8,1009008,1,10,False,,9,61.0,54.9
fig1,1,13,1e-08,4,cycles_per_t,9,1009009,1,10,False,,9,60.0,54.0
fig1,1,13,1e-08,4,cycles_per_t,0,1010000,1,10,False,,10,63.5,63.5
fig1,1,13,1e-08,4,cycles_per_t,1,1010001,1,10,False,,10,61.0,61.0
fig1,1,13,1e-08,4,cycles_per_t,2,1010002,1,10,False,,10,49.0,49.0
fig1,1,13,1e-08,4,cycles_per_t,3,1010003,1,10,False,,10,49.5,49.5
fig1,1,13,1e-08,4,cycles_per_t,4,1010004,1,10,False,,10,61.0,61.0
fig1,1,13,1e-08,4,cycles_per_t,5,1010005,1,10,False,,10,61.5,61.5
fig1,1,13,1e-08,4,cycles_per_t,6,1010006,1,10,False,,10,64.5,64.5
fig1,1,13,1e-08,4,cycles_per_t,7,1010007,1,10,False,,10,60.5,60.5
fig1,1,13,1e-08,4,cycles_per_t,8,1010008,1,10,False,,10,60.5,60.5
fig1,1,13,1e-08,4,cycles_per_t,9,1010009,1,10,False,,10,61.0,61.0
fig1,1,13,1e-08,4,cycles_per_t,0,1011000,1,10,False,,11,47.5,52.25
fig1,1,13,1e-08,4,cycles_per_t,1,1011001,1,10,False,,11,48.0,52.8
fig1,1,13,1e-08,4,cycles_per_t,2,1011002,1,10,False,,11,59.0,64.9
fig1,1,13,1e-08,4,cycles_per_t,3,1011003,1,10,False,,11,47.0,51.7
fig1,1,13,1e-08,4,cycles_per_t,4,1011004,1,10,False,,11,49.0,53.9
fig1,1,13,1e-08,4,cycles_per_t,5,1011005,1,10,False,,11,66.0,72.6
fig1,1,13,1e-08,4,cycles_per_t,6,1011006,1,10,False,,11,49.5,54.45
fig1,1,13,1e-08,4,cycles_per_t,7,1011007,1,10,False,,11,47.5,52.25
fig1,1,13,1e-08,4,cycles_per_t,8,1011008,1,10,False,,11,47.5,52.25
fig1,1,13,1e-08,4,cycles_per_t,9,1011009,1,10,False,,11,47.0,51.7
fig1,1,13,1e-08,4,cycles_per_t,0,1012000,1,10,False,,12,47.0,56.4
fig1,1,13,1e-08,4,cycles_per_t,1,1012001,1,10,False,,12,65.5,78.6
fig1,1,13,1e-08,4,cycles_per_t,2,1012002,1,10,False,,12,64.0,76.8
fig1,1,13,1e-08,4,cycles_per_t,3,1012003,1,10,False,,12,64.5,77.4
fig1,1,13,1e-08,4,cycles_per_t,4,1012004,1,10,False,,12,65.0,78.0
fig1,1,13,1e-08,4,cycles_per_t,5,1012005,1,10,False,,12,48.5,58.2
fig1,1,13,1e-08,4,cycles_per_t,6,1012006,1,10,False,,12,64.0,76.8
fig1,1,13,1e-08,4,cycles_per_t,7,1012007,1,10,False,,12,64.5,77.4
fig1,1,13,1e-08,4,cycles_per_t,8,1012008,1,10,False,,12,63.5,76.2
fig1,1,13,1e-08,4,cycles_per_t,9,1012009,1,10,False,,12,47.5,57.0
fig1,1,13,1e-08,4,cycles_per_t,0,1013000,1,10,False,,13,50.5,65.65
fig1,1,13,1e-08,4,cycles_per_t,1,1013001,1,10,False,,13,46.0,59.8
fig1,1,13,1e-08,4,cycles_per_t,2,1013002,1,10,False,,13,48.5,63.05
fig1,1,13,1e-08,4,cycles_per_t,3,1013003,1,10,False,,13,47.0,61.1
fig1,1,13,1e-08,4,cycles_per_t,4,1013004,1,10,False,,13,47.5,61.75
fig1,1,13,1e-08,4,cycles_per_t,5,1013005,1,10,False,,13,50.5,65.65
fig1,1,13,1e-08,4,cycles_per_t,6,1013006,1,10,False,,13,50.0,65.0
fig1,1,13,1e-08,4,cycles_per_t,7,1013007,1,10,False,,13,63.0,81.9
fig1,1,13,1e-08,4,cycles_per_t,8,1013008,1,10,False,,13,63.0,81.9
fig1,1,13,1e-08,4,cycles_per_t,9,1013009,1,10,False,,13,49.0,63.7
fig1,1,13,1e-08,4,cycles_per_t,0,1014000,1,10,False,,14,66.0,92.4
fig1,1,13,1e-08,4,cycles_per_t,1,1014001,1,10,False,,14,48.5,67.9
fig1,1,13,1e-08,4,cycles_per_t,2,1014002,1,10,False,,14,61.0,85.4
fig1,1,13,1e-08,4,cycles_per_t,3,1014003,1,10,False,,14,49.0,68.6
fig1,1,13,1e-08,4,cycles_per_t,4,1014004,1,10,False,,14,49.5,69.3
fig1,1,13,1e-08,4,cycles_per_t,5,1014005,1,10,False,,14,49.5,69.3
fig1,1,13,1e-08,4,cycles_per_t,6,1014006,1,10,False,,14,53.0,74.2
fig1,1,13,1e-08,4,cycles_per_t,7,1014007,1,10,False,,14,50.0,70.0
fig1,1,13,1e-08,4,cycles_per_t,8,1014008,1,10,False,,14,53.5,74.9
fig1,1,13,1e-08,4,cycles_per_t,9,1014009,1,10,False,,14,48.5,67.9
fig1,1,13,1e-08,4,cycles_per_t,0,1015000,1,10,False,,15,64.5,96.75
fig1,1,13,1e-08,4,cycles_per_t,1,1015001,1,10,False,,15,49.5,74.25
fig1,1,13,1e-08,4,cycles_per_t,2,1015002,1,10,False,,15,51.5,77.25
fig1,1,13,1e-08,4,cycles_per_t,3,1015003,1,10,False,,15,53.0,79.5
fig1,1,13,1e-08,4,cycles_per_t,4,1015004,1,10,False,,15,51.5,77.25
fig1,1,13,1e-08,4,cycles_per_t,5,1015005,1,10,False,,15,52.5,78.75
fig1,1,13,1e-08,4,cycles_per_t,6,1015006,1,10,False,,15,47.0,70.5
fig1,1,13,1e-08,4,cycles_per_t,7,1015007,1,10,False,,15,64.0,96.0
fig1,1,13,1e-08,4,cycles_per_t,8,1015008,1,10,False,,15,51.0,76.5
fig1,1,13,1e-08,4,cycles_per_t,9,1015009,1,10,False,,15,49.5,74.25
fig1,1,13,1e-08,4,cycles_per_t,0,1016000,1,10,False,,16,49.0,78.4
fig1,1,13,1e-08,4,cycles_per_t,1,1016001,1,10,False,,16,51.5,82.4
fig1,1,13,1e-08,4,cycles_per_t,2,1016002,1,10,False,,16,49.0,78.4
fig1,1,13,1e-08,4,cycles_per_t,3,1016003,1,10,False,,16,55.0,88.0
fig1,1,13,1e-08,4,cycles_per_t,4,1016004,1,10,False,,16,49.0,78.4
fig1,1,13,1e-08,4,cycles_per_t,5,1016005,1,10,False,,16,51.0,81.6
fig1,1,13,1e-08,4,cycles_per_t,6,1016006,1,10,False,,16,50.0,80.0
fig1,1,13,1e-08,4,cycles_per_t,7,1016007,1,10,False,,16,50.0,80.0
fig1,1,13,1e-08,4,cycles_per_t,8,1016008,1,10,False,,16,48.0,76.8
fig1,1,13,1e-08,4,cycles_per_t,9,1016009,1,10,False,,16,49.5,79.2
fig1,1,13,1e-08,4,cycles_per_t,0,1017000,1,10,False,,17,49.5,84.15
fig1,1,13,1e-08,4,cycles_per_t,1,1017001,1,10,False,,17,46.0,78.2
fig1,1,13,1e-08,4,cycles_per_t,2,1017002,1,10,False,,17,46.0,78.2
fig1,1,13,1e-08,4,cycles_per_t,3,1017003,1,10,False,,17,49.0,83.3
fig1,1,13,1e-08,4,cycles_per_t,4,1017004,1,10,False,,17,51.5,87.55
fig1,1,13,1e-08,4,cycles_per_t,5,1017005,1,10,False,,17,48.5,82.45
fig1,1,13,1e-08,4,cycles_per_t,6,1017006,1,10,False,,17,54.0,91.8
fig1,1,13,1e-08,4,cycles_per_t,7,1017007,1,10,False,,17,48.5,82.45
fig1,1,13,1e-08,4,cycles_per_t,8,1017008,1,10,False,,17,49.5,84.15
fig1,1,13,1e-08,4,cycles_per_t,9,1017009,1,10,False,,17,50.5,85.85
fig1,1,13,1e-08,4,cycles_per_t,0,1018000,1,10,False,,18,50.5,90.9
fig1,1,13,1e-08,4,cycles_per_t,1,1018001,1,10,False,,18,49.5,89.1
fig1,1,13,1e-08,4,cycles_per_t,2,1018002,1,10,False,,18,51.5,92.7
fig1,1,13,1e-08,4,cycles_per_t,3,1018003,1,10,False,,18,46.5,83.7
fig1,1,13,1e-08,4,cycles_per_t,4,1018004,1,10,False,,18,51.0,91.8
fig1,1,13,1e-08,4,cycles_per_t,5,1018005,1,10,False,,18,49.0,88.2
fig1,1,13,1e-08,4,cycles_per_t,6,1018006,1,10,False,,18,49.5,89.1
fig1,1,13,1e-08,4,cycles_per_t,7,1018007,1,10,False,,18,52.0,93.6
fig1,1,13,1e-08,4,cycles_per_t,8,1018008,1,10,False,,18,64.0,115.2
fig1,1,13,1e-08,4,cycles_per_t,9,1018009,1,10,False,,18,50.0,90.0
fig1,1,13,1e-08,4,cycles_per_t,0,1019000,1,10,False,,19,49.0,93.1
fig1,1,13,1e-08,4,cycles_per_t,1,1019001,1,10,False,,19,49.5,94.05
fig1,1,13,1e-08,4,cycles_per_t,2,1019002,1,10,False,,19,51.0,96.9
fig1,1,13,1e-08,4,cycles_per_t,3,1019003,1,10,False,,19,52.0,98.8
fig1,1,13,1e-08,4,cycles_per_t,4,1019004,1,10,False,,19,49.5,94.05
fig1,1,13,1e-08,4,cycles_per_t,5,1019005,1,10,False,,19,52.5,99.75
fig1,1,13,1e-08,4,cycles_per_t,6,1019006,1,10,False,,19,50.5,95.95
fig1,1,13,1e-08,4,cycles_per_t,7,1019007,1,10,False,,19,51.0,96.9
fig1,1,13,1e-08,4,cycles_per_t,8,1019008,1,10,False,,19,47.5,90.25
fig1,1,13,1e-08,4,cycles_per_t,9,1019009,1,10,False,,19,53.0,100.7
fig1,1,13,1e-08,4,cycles_per_t,0,1020000,1,10,False,,20,47.5,95.0
fig1,1,13,1e-08,4,cycles_per_t,1,1020001,1,10,False,,20,50.5,101.0
fig1,1,13,1e-08,4,cycles_per_t,2,1020002,1,10,False,,20,49.5,99.0
fig1,1,13,1e-08,4,cycles_per_t,3,1020003,1,10,False,,20,48.5,97.0
fig1,1,13,1e-08,4,cycles_per_t,4,1020004,1,10,False,,20,50.0,100.0
fig1,1,13,1e-08,4,cycles_per_t,5,1020005,1,10,False,,20,50.0,100.0
fig1,1,13,1e-08,4,cycles_per_t,6,1020006,1,10,False,,20,48.0,96.0
fig1,1,13,1e-08,4,cycles_per_t,7,1020007,1,10,False,,20,47.5,95.0
fig1,1,13,1e-08,4,cycles_per_t,8,1020008,1,10,False,,20,51.0,102.0
fig1,1,13,1e-08,4,cycles_per_t,9,1020009,1,10,False,,20,47.5,95.0
fig1,2,13,1e-10,4,cycles_per_t,0,2001000,1,10,False,,1,468.5,46.85
fig1,2,13,1e-10,4,cycles_per_t,1,2001001,1,10,False,,1,541.5,54.15
fig1,2,13,1e-10,4,cycles_per_t,2,2001002,1,10,False,,1,417.5,41.75
fig1,2,13,1e-10,4,cycles_per_t,3,2001003,1,10,False,,1,441.5,44.15
fig1,2,13,1e-10,4,cycles_per_t,4,2001004,1,10,False,,1,634.5,63.45
fig1,2,13,1e-10,4,cycles_per_t,5,2001005,1,10,False,,1,375.5,37.55
fig1,2,13,1e-10,4,cycles_per_t,6,2001006,1,10,False,,1,323.5,32.35
fig1,2,13,1e-10,4,cycles_per_t,7,2001007,1,10,False,,1,517.5,51.75
fig1,2,13,1e-10,4,cycles_per_t,8,2001008,1,10,False,,1,430.5,43.05
fig1,2,13,1e-10,4,cycles_per_t,9,2001009,1,10,False,,1,532.5,53.25
fig1,2,13,1e-10,4,cycles_per_t,0,2002000,1,10,False,,2,206.5,41.3
fig1,2,13,1e-10,4,cycles_per_t,1,2002001,1,10,False,,2,260.5,52.1
fig1,2,13,1e-10,4,cycles_per_t,2,2002002,1,10,False,,2,275.5,55.1
fig1,2,13,1e-10,4,cycles_per_t,3,2002003,1,10,False,,2,283.5,56.7
fig1,2,13,1e-10,4,cycles_per_t,4,2002004,1,10,False,,2,221.5,44.3
fig1,2,13,1e-10,4,cycles_per_t,5,2002005,1,10,False,,2,183.5,36.7
fig1,2,13,1e-10,4,cycles_per_t,6,2002006,1,10,False,,2,319.5,63.9
fig1,2,13,1e-10,4,cycles_per_t,7,2002007,1,10,False,,2,317.5,63.5
fig1,2,13,1e-10,4,cycles_per_t,8,2002008,1,10,False,,2,180.5,36.1
fig1,2,13,1e-10,4,cycles_per_t,9,2002009,1,10,False,,2,232.5,46.5
fig1,2,13,1e-10,4,cycles_per_t,0,2003000,1,10,False,,3,182.0,54.6
fig1,2,13,1e-10,4,cycles_per_t,1,2003001,1,10,False,,3,143.5,43.05
fig1,2,13,1e-10,4,cycles_per_t,2,2003002,1,10,False,,3,184.5,55.35
fig1,2,13,1e-10,4,cycles_per_t,3,2003003,1,10,False,,3,126.0,37.8
fig1,2,13,1e-10,4,cycles_per_t,4,2003004,1,10,False,,3,238.5,71.55
fig1,2,13,1e-10,4,cycles_per_t,5,2003005,1,10,False,,3,229.5,68.85
fig1,2,13,1e-10,4,cycles_per_t,6,2003006,1,10,False,,3,209.5,62.85
fig1,2,13,1e-10,4,cycles_per_t,7,2003007,1,10,False,,3,193.5,58.05
fig1,2,13,1e-10,4,cycles_per_t,8,2003008,1,10,False,,3,224.0,67.2
fig1,2,13,1e-10,4,cycles_per_t,9,2003009,1,10,False,,3,173.0,51.9
fig1,2,13,1e-10,4,cycles_per_t,0,2004000,1,10,False,,4,105.5,42.2
fig1,2,13,1e-10,4,cycles_per_t,1,2004001,1,10,False,,4,170.0,68.0
fig1,2,13,1e-10,4,cycles_per_t,2,2004002,1,10,False,,4,129.0,51.6
fig1,2,13,1e-10,4,cycles_per_t,3,2004003,1,10,False,,4,203.0,81.2
fig1,2,13,1e-10,4,cycles_per_t,4,2004004,1,10,False,,4,118.0,47.2
fig1,2,13,1e-10,4,cycles_per_t,5,2004005,1,10,False,,4,132.0,52.8
fig1,2,13,1e-10,4,cycles_per_t,6,2004006,1,10,False,,4,128.0,51.2
fig1,2,13,1e-10,4,cycles_per_t,7,2004007,1,10,False,,4,97.5,39.0
fig1,2,13,1e-10,4,cycles_per_t,8,2004008,1,10,False,,4,114.5,45.8
fig1,2,13,1e-10,4,cycles_per_t,9,2004009,1,10,False,,4,112.0,44.8
fig1,2,13,1e-10,4,cycles_per_t,0,2005000,1,10,False,,5,118.0,59.0
fig1,2,13,1e-10,4,cycles_per_t,1,2005001,1,10,False,,5,91.0,45.5
fig1,2,13,1e-10,4,cycles_per_t,2,2005002,1,10,False,,5,132.5,66.25
fig1,2,13,1e-10,4,cycles_per_t,3,2005003,1,10,False,,5,117.5,58.75
fig1,2,13,1e-10,4,cycles_per_t,4,2005004,1,10,False,,5,130.0,65.0
fig1,2,13,1e-10,4,cycles_per_t,5,2005005,1,10,False,,5,116.5,58.25
fig1,2,13,1e-10,4,cycles_per_t,6,2005006,1,10,False,,5,117.5,58.75
fig1,2,13,1e-10,4,cycles_per_t,7,2005007,1,10,False,,5,102.5,51.25
fig1,2,13,1e-10,4,cycles_per_t,8,2005008,1,10,False,,5,133.5,66.75
fig1,2,13,1e-10,4,cycles_per_t,9,2005009,1,10,False,,5,117.5,58.75
fig1,2,13,1e-10,4,cycles_per_t,0,2006000,1,10,False,,6,103.0,61.8
fig1,2,13,1e-10,4,cycles_per_t,1,2006001,1,10,False,,6,118.0,70.8
fig1,2,13,1e-10,4,cycles_per_t,2,2006002,1,10,False,,6,72.5,43.5
fig1,2,13,1e-10,4,cycles_per_t,3,2006003,1,10,False,,6,103.5,62.1
fig1,2,13,1e-10,4,cycles_per_t,4,2006004,1,10,False,,6,117.0,70.2
fig1,2,13,1e-10,4,cycles_per_t,5,2006005,1,10,False,,6,117.5,70.5
fig1,2,13,1e-10,4,cycles_per_t,6,2006006,1,10,False,,6,120.5,72.3
fig1,2,13,1e-10,4,cycles_per_t,7,2006007,1,10,False,,6,102.0,61.2
fig1,2,13,1e-10,4,cycles_per_t,8,2006008,1,10,False,,6,89.0,53.4
fig1,2,13,1e-10,4,cycles_per_t,9,2006009,1,10,False,,6,104.0,62.4
fig1,2,13,1e-10,4,cycles_per_t,0,2007000,1,10,False,,7,119.0,83.3
fig1,2,13,1e-10,4,cycles_per_t,1,2007001,1,10,False,,7,72.5,50.75
fig1,2,13,1e-10,4,cycles_per_t,2,2007002,1,10,False,,7,90.5,63.35
fig1,2,13,1e-10,4,cycles_per_t,3,2007003,1,10,False,,7,118.0,82.6
fig1,2,13,1e-10,4,cycles_per_t,4,2007004,1,10,False,,7,101.0,70.7
fig1,2,13,1e-10,4,cycles_per_t,5,2007005,1,10,False,,7,89.5,62.65
fig1,2,13,1e-10,4,cycles_per_t,6,2007006,1,10,False,,7,79.5,55.65
fig1,2,13,1e-10,4,cycles_per_t,7,2007007,1,10,False,,7,104.5,73.15
fig1,2,13,1e-10,4,cycles_per_t,8,2007008,1,10,False,,7,87.0,60.9
fig1,2,13,1e-10,4,cycles_per_t,9,2007009,1,10,False,,7,132.5,92.75
fig1,2,13,1e-10,4,cycles_per_t,0,2008000,1,10,False,,8,86.0,68.8
fig1,2,13,1e-10,4,cycles_per_t,1,2008001,1,10,False,,8,90.0,72.0
fig1,2,13,1e-10,4,cycles_per_t,2,2008002,1,10,False,,8,107.0,85.6
fig1,2,13,1e-10,4,cycles_per_t,3,2008003,1,10,False,,8,106.5,85.2
fig1,2,13,1e-10,4,cycles_per_t,4,2008004,1,10,False,,8,84.5,67.6
fig1,2,13,1e-10,4,cycles_per_t,5,2008005,1,10,False,,8,92.5,74.0
fig1,2,13,1e-10,4,cycles_per_t,6,2008006,1,10,False,,8,77.0,61.6
fig1,2,13,1e-10,4,cycles_per_t,7,2008007,1,10,False,,8,91.5,73.2
fig1,2,13,1e-10,4,cycles_per_t,8,2008008,1,10,False,,8,87.5,70.0
fig1,2,13,1e-10,4,cycles_per_t,9,2008009,1,10,False,,8,89.5,71.6
fig1,2,13,1e-10,4,cycles_per_t,0,2009000,1,10,False,,9,79.0,71.1
fig1,2,13,1e-10,4,cycles_per_t,1,2009001,1,10,False,,9,93.5,84.15
fig1,2,13,1e-10,4,cycles_per_t,2,2009002,1,10,False,,9,107.5,96.75
fig1,2,13,1e-10,4,cycles_per_t,3,2009003,1,10,False,,9,92.0,82.8
fig1,2,13,1e-10,4,cycles_per_t,4,2009004,1,10,False,,9,76.0,68.4
fig1,2,13,1e-10,4,cycles_per_t,5,2009005,1,10,False,,9,90.0,81.0
fig1,2,13,1e-10,4,cycles_per_t,6,2009006,1,10,False,,9,88.0,79.2
fig1,2,13,1e-10,4,cycles_per_t,7,2009007,1,10,False,,9,94.5,85.05
fig1,2,13,1e-10,4,cycles_per_t,8,2009008,1,10,False,,9,107.0,96.3
fig1,2,13,1e-10,4,cycles_per_t,9,2009009,1,10,False,,9,103.0,92.7
fig1,2,13,1e-10,4,cycles_per_t,0,2010000,1,10,False,,10,77.5,77.5
fig1,2,13,1e-10,4,cycles_per_t,1,2010001,1,10,False,,10,63.5,63.5
fig1,2,13,1e-10,4,cycles_per_t,2,2010002,1,10,False,,10,107.5,107.5
fig1,2,13,1e-10,4,cycles_per_t,3,2010003,1,10,False,,10,63.5,63.5
fig1,2,13,1e-10,4,cycles_per_t,4,2010004,1,10,False,,10,93.0,93.0
fig1,2,13,1e-10,4,cycles_per_t,5,2010005,1,10,False,,10,95.5,95.5
fig1,2,13,1e-10,4,cycles_per_t,6,2010006,1,10,False,,10,65.0,65.0
fig1,2,13,1e-10,4,cycles_per_t,7,2010007,1,10,False,,10,77.0,77.0
fig1,2,13,1e-10,4,cycles_per_t,8,2010008,1,10,False,,10,77.5,77.5
fig1,2,13,1e-10,4,cycles_per_t,9,2010009,1,10,False,,10,78.0,78.0
fig1,2,13,1e-10,4,cycles_per_t,0,2011000,1,10,False,,11,61.0,67.1
fig1,2,13,1e-10,4,cycles_per_t,1,2011001,1,10,False,,11,93.5,102.85
fig1,2,13,1e-10,4,cycles_per_t,2,2011002,1,10,False,,11,81.5,89.65
fig1,2,13,1e-10,4,cycles_per_t,3,2011003,1,10,False,,11,101.5,111.65
fig1,2,13,1e-10,4,cycles_per_t,4,2011004,1,10,False,,11,77.5,85.25
fig1,2,13,1e-10,4,cycles_per_t,5,2011005,1,10,False,,11,79.5,87.45
fig1,2,13,1e-10,4,cycles_per_t,6,2011006,1,10,False,,11,78.5,86.35
fig1,2,13,1e-10,4,cycles_per_t,7,2011007,1,10,False,,11,61.0,67.1
fig1,2,13,1e-10,4,cycles_per_t,8,2011008,1,10,False,,11,79.5,87.45
fig1,2,13,1e-10,4,cycles_per_t,9,2011009,1,10,False,,11,77.5,85.25
fig1,2,13,1e-10,4,cycles_per_t,0,2012000,1,10,False,,12,80.5,96.6
fig1,2,13,1e-10,4,cycles_per_t,1,2012001,1,10,False,,12,98.5,118.2
fig1,2,13,1e-10,4,cycles_per_t,2,2012002,1,10,False,,12,65.0,78.0
fig1,2,13,1e-10,4,cycles_per_t,3,2012003,1,10,False,,12,60.0,72.0
fig1,2,13,1e-10,4,cycles_per_t,4,2012004,1,10,False,,12,93.5,112.2
fig1,2,13,1e-10,4,cycles_per_t,5,2012005,1,10,False,,12,80.5,96.6
fig1,2,13,1e-10,4,cycles_per_t,6,2012006,1,10,False,,12,78.0,93.6
fig1,2,13,1e-10,4,cycles_per_t,7,2012007,1,10,False,,12,73.5,88.2
fig1,2,13,1e-10,4,cycles_per_t,8,2012008,1,10,False,,12,81.5,97.8
fig1,2,13,1e-10,4,cycles_per_t,9,2012009,1,10,False,,12,100.0,120.0
fig1,2,13,1e-10,4,cycles_per_t,0,2013000,1,10,False,,13,68.0,88.4
fig1,2,13,1e-10,4,cycles_per_t,1,2013001,1,10,False,,13,84.5,109.85
fig1,2,13,1e-10,4,cycles_per_t,2,2013002,1,10,False,,13,66.0,85.8
fig1,2,13,1e-10,4,cycles_per_t,3,2013003,1,10,False,,13,95.0,123.5
fig1,2,13,1e-10,4,cycles_per_t,4,2013004,1,10,False,,13,81.5,105.95
fig1,2,13,1e-10,4,cycles_per_t,5,2013005,1,10,False,,13,80.5,104.65
fig1,2,13,1e-10,4,cycles_per_t,6,2013006,1,10,False,,13,70.0,91.0
fig1,2,13,1e-10,4,cycles_per_t,7,2013007,1,10,False,,13,80.5,104.65
fig1,2,13,1e-10,4,cycles_per_t,8,2013008,1,10,False,,13,76.5,99.45
fig1,2,13,1e-10,4,cycles_per_t,9,2013009,1,10,False,,13,79.5,103.35
fig1,2,13,1e-10,4,cycles_per_t,0,2014000,1,10,False,,14,63.5,88.9
fig1,2,13,1e-10,4,cycles_per_t,1,2014001,1,10,False,,14,84.0,117.6
fig1,2,13,1e-10,4,cycles_per_t,2,2014002,1,10,False,,14,67.5,94.5
fig1,2,13,1e-10,4,cycles_per_t,3,2014003,1,10,False,,14,68.0,95.2
fig1,2,13,1e-10,4,cycles_per_t,4,2014004,1,10,False,,14,64.5,90.3
fig1,2,13,1e-10,4,cycles_per_t,5,2014005,1,10,False,,14,64.5,90.3
fig1,2,13,1e-10,4,cycles_per_t,6,2014006,1,10,False,,14,64.0,89.6
fig1,2,13,1e-10,4,cycles_per_t,7,2014007,1,10,False,,14,61.0,85.4
fig1,2,13,1e-10,4,cycles_per_t,8,2014008,1,10,False,,14,65.5,91.7
fig1,2,13,1e-10,4,cycles_per_t,9,2014009,1,10,False,,14,67.0,93.8
fig1,2,13,1e-10,4,cycles_per_t,0,2015000,1,10,False,,15,68.0,102.0
fig1,2,13,1e-10,4,cycles_per_t,1,2015001,1,10,False,,15,52.5,78.75
fig1,2,13,1e-10,4,cycles_per_t,2,2015002,1,10,False,,15,63.5,95.25
fig1,2,13,1e-10,4,cycles_per_t,3,2015003,1,10,False,,15,82.5,123.75
fig1,2,13,1e-10,4,cycles_per_t,4,2015004,1,10,False,,15,81.5,122.25
fig1,2,13,1e-10,4,cycles_per_t,5,2015005,1,10,False,,15,74.5,111.75
fig1,2,13,1e-10,4,cycles_per_t,6,2015006,1,10,False,,15,63.5,95.25
fig1,2,13,1e-10,4,cycles_per_t,7,2015007,1,10,False,,15,64.0,96.0
fig1,2,13,1e-10,4,cycles_per_t,8,2015008,1,10,False,,15,67.5,101.25
fig1,2,13,1e-10,4,cycles_per_t,9,2015009,1,10,False,,15,50.0,75.0
fig1,2,13,1e-10,4,cycles_per_t,0,2016000,1,10,False,,16,82.5,132.0
fig1,2,13,1e-10,4,cycles_per_t,1,2016001,1,10,False,,16,70.0,112.0
fig1,2,13,1e-10,4,cycles_per_t,2,2016002,1,10,False,,16,84.0,134.4
fig1,2,13,1e-10,4,cycles_per_t,3,2016003,1,10,False,,16,65.5,104.8
fig1,2,13,1e-10,4,cycles_per_t,4,2016004,1,10,False,,16,80.0,128.0
fig1,2,13,1e-10,4,cycles_per_t,5,2016005,1,10,False,,16,80.5,128.8
fig1,2,13,1e-10,4,cycles_per_t,6,2016006,1,10,False,,16,65.5,104.8
fig1,2,13,1e-10,4,cycles_per_t,7,2016007,1,10,False,,16,64.5,103.2
fig1,2,13,1e-10,4,cycles_per_t,8,2016008,1,10,False,,16,66.0,105.6
fig1,2,13,1e-10,4,cycles_per_t,9,2016009,1,10,False,,16,68.0,108.8
fig1,2,13,1e-10,4,cycles_per_t,0,2017000,1,10,False,,17,67.5,114.75
fig1,2,13,1e-10,4,cycles_per_t,1,2017001,1,10,False,,17,80.5,136.85
fig1,2,13,1e-10,4,cycles_per_t,2,2017002,1,10,False,,17,67.0,113.9
fig1,2,13,1e-10,4,cycles_per_t,3,2017003,1,10,False,,17,63.5,107.95
fig1,2,13,1e-10,4,cycles_per_t,4,2017004,1,10,False,,17,66.5,113.05
fig1,2,13,1e-10,4,cycles_per_t,5,2017005,1,10,False,,17,83.5,141.95
fig1,2,13,1e-10,4,cycles_per_t,6,2017006,1,10,False,,17,66.5,113.05
fig1,2,13,1e-10,4,cycles_per_t,7,2017007,1,10,False,,17,66.5,113.05
fig1,2,13,1e-10,4,cycles_per_t,8,2017008,1,10,False,,17,66.5,113.05
fig1,2,13,1e-10,4,cycles_per_t,9,2017009,1,10,False,,17,66.5,113.05
fig1,2,13,1e-10,4,cycles_per_t,0,2018000,1,10,False,,18,66.5,119.7
fig1,2,13,1e-10,4,cycles_per_t,1,2018001,1,10,False,,18,51.5,92.7
fig1,2,13,1e-10,4,cycles_per_t,2,2018002,1,10,False,,18,83.5,150.3
fig1,2,13,1e-10,4,cycles_per_t,3,2018003,1,10,False,,18,62.5,112.5
fig1,2,13,1e-10,4,cycles_per_t,4,2018004,1,10,False,,18,80.5,144.9
fig1,2,13,1e-10,4,cycles_per_t,5,2018005,1,10,False,,18,80.0,144.0
fig1,2,13,1e-10,4,cycles_per_t,6,2018006,1,10,False,,18,67.0,120.6
fig1,2,13,1e-10,4,cycles_per_t,7,2018007,1,10,False,,18,53.0,95.4
fig1,2,13,1e-10,4,cycles_per_t,8,2018008,1,10,False,,18,52.0,93.6
fig1,2,13,1e-10,4,cycles_per_t,9,2018009,1,10,False,,18,52.5,94.5
fig1,2,13,1e-10,4,cycles_per_t,0,2019000,1,10,False,,19,50.5,95.95
fig1,2,13,1e-10,4,cycles_per_t,1,2019001,1,10,False,,19,68.5,130.15
fig1,2,13,1e-10,4,cycles_per_t,2,2019002,1,10,False,,19,68.5,130.15
fig1,2,13,1e-10,4,cycles_per_t,3,2019003,1,10,False,,19,72.0,136.8
fig1,2,13,1e-10,4,cycles_per_t,4,2019004,1,10,False,,19,71.0,134.9
fig1,2,13,1e-10,4,cycles_per_t,5,2019005,1,10,False,,19,68.0,129.2
fig1,2,13,1e-10,4,cycles_per_t,6,2019006,1,10,False,,19,50.5,95.95
fig1,2,13,1e-10,4,cycles_per_t,7,2019007,1,10,False,,19,67.5,128.25
fig1,2,13,1e-10,4,cycles_per_t,8,2019008,1,10,False,,19,68.0,129.2
fig1,2,13,1e-10,4,cycles_per_t,9,2019009,1,10,False,,19,68.5,130.15
fig1,2,13,1e-10,4,cycles_per_t,0,2020000,1,10,False,,20,66.0,132.0
fig1,2,13,1e-10,4,cycles_per_t,1,2020001,1,10,False,,20,84.0,168.0
fig1,2,13,1e-10,4,cycles_per_t,2,2020002,1,10,False,,20,71.5,143.0
fig1,2,13,1e-10,4,cycles_per_t,3,2020003,1,10,False,,20,67.5,135.0
fig1,2,13,1e-10,4,cycles_per_t,4,2020004,1,10,False,,20,57.0,114.0
fig1,2,13,1e-10,4,cycles_per_t,5,2020005,1,10,False,,20,67.5,135.0
fig1,2,13,1e-10,4,cycles_per_t,6,2020006,1,10,False,,20,70.5,141.0
fig1,2,13,1e-10,4,cycles_per_t,7,2020007,1,10,False,,20,68.0,136.0
fig1,2,13,1e-10,4,cycles_per_t,8,2020008,1,10,False,,20,68.5,137.0
fig1,2,13,1e-10,4,cycles_per_t,9,2020009,1,10,False,,20,73.5,147.0
fig2,0,7,1e-08,2,cycles_per_t,0,101013,1,10,True,1,1,403.5,40.35
fig2,0,7,1e-08,2,cycles_per_t,1,101014,1,10,True,1,1,253.5,25.35
fig2,0,7,1e-08,2,cycles_per_t,2,101015,1,10,True,1,1,376.5,37.65
fig2,0,7,1e-08,2,cycles_per_t,3,101016,1,10,True,1,1,353.5,35.35
fig2,0,7,1e-08,2,cycles_per_t,4,101017,1,10,True,1,1,237.5,23.75
fig2,0,7,1e-08,2,cycles_per_t,5,101018,1,10,True,1,1,352.5,35.25
fig2,0,7,1e-08,2,cycles_per_t,6,101019,1,10,True,1,1,336.5,33.65
fig2,0,7,1e-08,2,cycles_per_t,7,101020,1,10,True,1,1,387.5,38.75
fig2,0,7,1e-08,2,cycles_per_t,8,101021,1,10,True,1,1,373.5,37.35
fig2,0,7,1e-08,2,cycles_per_t,9,101022,1,10,True,1,1,264.5,26.45
fig2,0,7,1e-08,2,cycles_per_t,0,102026,2,10,True,1,2,353.0,35.3
fig2,0,7,1e-08,2,cycles_per_t,1,102027,2,10,True,1,2,438.5,43.85
fig2,0,7,1e-08,2,cycles_per_t,2,102028,2,10,True,1,2,299.0,29.9
fig2,0,7,1e-08,2,cycles_per_t,3,102029,2,10,True,1,2,361.0,36.1
fig2,0,7,1e-08,2,cycles_per_t,4,102030,2,10,True,1,2,324.5,32.45
fig2,0,7,1e-08,2,cycles_per_t,5,102031,2,10,True,1,2,396.5,39.65
fig2,0,7,1e-08,2,cycles_per_t,6,102032,2,10,True,1,2,386.5,38.65
fig2,0,7,1e-08,2,cycles_per_t,7,102033,2,10,True,1,2,401.5,40.15
fig2,0,7,1e-08,2,cycles_per_t,8,102034,2,10,True,1,2,308.0,30.8
fig2,0,7,1e-08,2,cycles_per_t,9,102035,2,10,True,1,2,376.5,37.65
fig2,0,7,1e-08,2,cycles_per_t,0,103039,3,10,True,1,3,414.5,41.45
fig2,0,7,1e-08,2,cycles_per_t,1,103040,3,10,True,1,3,326.0,32.6
fig2,0,7,1e-08,2,cycles_per_t,2,103041,3,10,True,1,3,343.0,34.3
fig2,0,7,1e-08,2,cycles_per_t,3,103042,3,10,True,1,3,277.0,27.7
fig2,0,7,1e-08,2,cycles_per_t,4,103043,3,10,True,1,3,367.0,36.7
fig2,0,7,1e-08,2,cycles_per_t,5,103044,3,10,True,1,3,301.5,30.15
fig2,0,7,1e-08,2,cycles_per_t,6,103045,3,10,True,1,3,421.0,42.1
fig2,0,7,1e-08,2,cycles_per_t,7,103046,3,10,True,1,3,331.5,33.15
fig2,0,7,1e-08,2,cycles_per_t,8,103047,3,10,True,1,3,401.0,40.1
fig2,0,7,1e-08,2,cycles_per_t,9,103048,3,10,True,1,3,373.0,37.3
fig2,0,7,1e-08,2,cycles_per_t,0,104052,4,10,True,1,4,391.0,39.1
fig2,0,7,1e-08,2,cycles_per_t,1,104053,4,10,True,1,4,341.0,34.1
fig2,0,7,1e-08,2,cycles_per_t,2,104054,4,10,True,1,4,391.0,39.1
fig2,0,7,1e-08,2,cycles_per_t,3,104055,4,10,True,1,4,311.5,31.15
fig2,0,7,1e-08,2,cycles_per_t,4,104056,4,10,True,1,4,359.5,35.95
fig2,0,7,1e-08,2,cycles_per_t,5,104057,4,10,True,1,4,397.0,39.7
fig2,0,7,1e-08,2,cycles_per_t,6,104058,4,10,True,1,4,365.0,36.5
fig2,0,7,1e-08,2,cycles_per_t,7,104059,4,10,True,1,4,366.0,36.6
fig2,0,7,1e-08,2,cycles_per_t,8,104060,4,10,True,1,4,474.5,47.45
fig2,0,7,1e-08,2,cycles_per_t,9,104061,4,10,True,1,4,488.0,48.8
fig2,0,7,1e-08,2,cycles_per_t,0,105065,5,10,True,1,5,333.5,33.35
fig2,0,7,1e-08,2,cycles_per_t,1,105066,5,10,True,1,5,418.5,41.85
fig2,0,7,1e-08,2,cycles_per_t,2,105067,5,10,True,1,5,424.5,42.45
fig2,0,7,1e-08,2,cycles_per_t,3,105068,5,10,True,1,5,338.5,33.85
fig2,0,7,1e-08,2,cycles_per_t,4,105069,5,10,True,1,5,310.5,31.05
fig2,0,7,1e-08,2,cycles_per_t,5,105070,5,10,True,1,5,441.0,44.1
fig2,0,7,1e-08,2,cycles_per_t,6,105071,5,10,True,1,5,298.5,29.85
fig2,0,7,1e-08,2,cycles_per_t,7,105072,5,10,True,1,5,372.0,37.2
fig2,0,7,1e-08,2,cycles_per_t,8,105073,5,10,True,1,5,421.5,42.15
fig2,0,7,1e-08,2,cycles_per_t,9,105074,5,10,True,1,5,390.5,39.05
fig2,0,7,1e-08,2,cycles_per_t,0,106078,6,10,True,1,6,363.5,36.35
fig2,0,7,1e-08,2,cycles_per_t,1,106079,6,10,True,1,6,404.5,40.45
fig2,0,7,1e-08,2,cycles_per_t,2,106080,6,10,True,1,6,396.0,39.6
fig2,0,7,1e-08,2,cycles_per_t,3,106081,6,10,True,1,6,367.0,36.7
fig2,0,7,1e-08,2,cycles_per_t,4,106082,6,10,True,1,6,319.0,31.9
fig2,0,7,1e-08,2,cycles_per_t,5,106083,6,10,True,1,6,349.5,34.95
fig2,0,7,1e-08,2,cycles_per_t,6,106084,6,10,True,1,6,379.0,37.9
fig2,0,7,1e-08,2,cycles_per_t,7,106085,6,10,True,1,6,349.0,34.9
fig2,0,7,1e-08,2,cycles_per_t,8,106086,6,10,True,1,6,347.0,34.7
fig2,0,7,1e-08,2,cycles_per_t,9,106087,6,10,True,1,6,363.5,36.35
fig2,0,7,1e-08,2,cycles_per_t,0,107091,7,10,True,1,7,439.5,43.95
fig2,0,7,1e-08,2,cycles_per_t,1,107092,7,10,True,1,7,433.0,43.3
fig2,0,7,1e-08,2,cycles_per_t,2,107093,7,10,True,1,7,462.5,46.25
fig2,0,7,1e-08,2,cycles_per_t,3,107094,7,10,True,1,7,358.5,35.85
fig2,0,7,1e-08,2,cycles_per_t,4,107095,7,10,True,1,7,326.5,32.65
fig2,0,7,1e-08,2,cycles_per_t,5,107096,7,10,True,1,7,445.5,44.55
fig2,0,7,1e-08,2,cycles_per_t,6,107097,7,10,True,1,7,420.5,42.05
fig2,0,7,1e-08,2,cycles_per_t,7,107098,7,10,True,1,7,427.0,42.7
fig2,0,7,1e-08,2,cycles_per_t,8,107099,7,10,True,1,7,356.5,35.65
fig2,0,7,1e-08,2,cycles_per_t,9,107100,7,10,True,1,7,373.5,37.35
fig2,0,7,1e-08,2,cycles_per_t,0,108104,8,10,True,1,8,471.0,47.1
fig2,0,7,1e-08,2,cycles_per_t,1,108105,8,10,True,1,8,377.0,37.7
fig2,0,7,1e-08,2,cycles_per_t,2,108106,8,10,True,1,8,398.5,39.85
fig2,0,7,1e-08,2,cycles_per_t,3,108107,8,10,True,1,8,347.0,34.7
fig2,0,7,1e-08,2,cycles_per_t,4,108108,8,10,True,1,8,441.5,44.15
fig2,0,7,1e-08,2,cycles_per_t,5,108109,8,10,True,1,8,399.5,39.95
fig2,0,7,1e-08,2,cycles_per_t,6,108110,8,10,True,1,8,488.5,48.85
fig2,0,7,1e-08,2,cycles_per_t,7,108111,8,10,True,1,8,403.5,40.35
fig2,0,7,1e-08,2,cycles_per_t,8,108112,8,10,True,1,8,389.0,38.9
fig2,0,7,1e-08,2,cycles_per_t,9,108113,8,10,True,1,8,357.0,35.7
fig2,0,7,1e-08,2,cycles_per_t,0,109117,9,10,True,1,9,351.5,35.15
fig2,0,7,1e-08,2,cycles_per_t,1,109118,9,10,True,1,9,426.0,42.6
fig2,0,7,1e-08,2,cycles_per_t,2,109119,9,10,True,1,9,413.5,41.35
fig2,0,7,1e-08,2,cycles_per_t,3,109120,9,10,True,1,9,449.5,44.95
fig2,0,7,1e-08,2,cycles_per_t,4,109121,9,10,True,1,9,371.0,37.1
fig2,0,7,1e-08,2,cycles_per_t,5,109122,9,10,True,1,9,398.0,39.8
fig2,0,7,1e-08,2,cycles_per_t,6,109123,9,10,True,1,9,378.5,37.85
fig2,0,7,1e-08,2,cycles_per_t,7,109124,9,10,True,1,9,448.5,44.85
fig2,0,7,1e-08,2,cycles_per_t,8,109125,9,10,True,1,9,373.5,37.35
fig2,0,7,1e-08,2,cycles_per_t,9,109126,9,10,True,1,9,399.5,39.95
fig2,0,7,1e-08,2,cycles_per_t,0,110130,10,10,True,1,10,391.0,39.1
fig2,0,7,1e-08,2,cycles_per_t,1,110131,10,10,True,1,10,422.5,42.25
fig2,0,7,1e-08,2,cycles_per_t,2,110132,10,10,True,1,10,505.0,50.5
fig2,0,7,1e-08,2,cycles_per_t,3,110133,10,10,True,1,10,400.5,40.05
fig2,0,7,1e-08,2,cycles_per_t,4,110134,10,10,True,1,10,414.5,41.45
fig2,0,7,1e-08,2,cycles_per_t,5,110135,10,10,True,1,10,398.5,39.85
fig2,0,7,1e-08,2,cycles_per_t,6,110136,10,10,True,1,10,387.0,38.7
fig2,0,7,1e-08,2,cycles_per_t,7,110137,10,10,True,1,10,411.0,41.1
fig2,0,7,1e-08,2,cycles_per_t,8,110138,10,10,True,1,10,475.0,47.5
fig2,0,7,1e-08,2,cycles_per_t,9,110139,10,10,True,1,10,407.0,40.7
fig2,0,7,1e-08,2,cycles_per_t,0,202013,1,10,True,2,2,221.5,44.3
fig2,0,7,1e-08,2,cycles_per_t,1,202014,1,10,True,2,2,144.5,28.9
fig2,0,7,1e-08,2,cycles_per_t,2,202015,1,10,True,2,2,220.5,44.1
fig2,0,7,1e-08,2,cycles_per_t,3,202016,1,10,True,2,2,213.5,42.7
fig2,0,7,1e-08,2,cycles_per_t,4,202017,1,10,True,2,2,175.5,35.1
fig2,0,7,1e-08,2,cycles_per_t,5,202018,1,10,True,2,2,120.5,24.1
fig2,0,7,1e-08,2,cycles_per_t,6,202019,1,10,True,2,2,156.5,31.3
fig2,0,7,1e-08,2,cycles_per_t,7,202020,1,10,True,2,2,221.5,44.3
fig2,0,7,1e-08,2,cycles_per_t,8,202021,1,10,True,2,2,158.5,31.7
fig2,0,7,1e-08,2,cycles_per_t,9,202022,1,10,True,2,2,212.5,42.5
fig2,0,7,1e-08,2,cycles_per_t,0,204026,2,10,True,2,4,177.5,35.5
fig2,0,7,1e-08,2,cycles_per_t,1,204027,2,10,True,2,4,219.5,43.9
fig2,0,7,1e-08,2,cycles_per_t,2,204028,2,10,True,2,4,165.5,33.1
fig2,0,7,1e-08,2,cycles_per_t,3,204029,2,10,True,2,4,178.0,35.6
fig2,0,7,1e-08,2,cycles_per_t,4,204030,2,10,True,2,4,214.5,42.9
fig2,0,7,1e-08,2,cycles_per_t,5,204031,2,10,True,2,4,253.5,50.7
fig2,0,7,1e-08,2,cycles_per_t,6,204032,2,10,True,2,4,162.0,32.4
fig2,0,7,1e-08,2,cycles_per_t,7,204033,2,10,True,2,4,199.5,39.9
fig2,0,7,1e-08,2,cycles_per_t,8,204034,2,10,True,2,4,199.0,39.8
fig2,0,7,1e-08,2,cycles_per_t,9,204035,2,10,True,2,4,184.0,36.8
fig2,0,7,1e-08,2,cycles_per_t,0,206039,3,10,True,2,6,170.0,34.0
fig2,0,7,1e-08,2,cycles_per_t,1,206040,3,10,True,2,6,215.0,43.0
fig2,0,7,1e-08,2,cycles_per_t,2,206041,3,10,True,2,6,203.5,40.7
fig2,0,7,1e-08,2,cycles_per_t,3,206042,3,10,True,2,6,166.0,33.2
fig2,0,7,1e-08,2,cycles_per_t,4,206043,3,10,True,2,6,212.0,42.4
fig2,0,7,1e-08,2,cycles_per_t,5,206044,3,10,True,2,6,218.0,43.6
fig2,0,7,1e-08,2,cycles_per_t,6,206045,3,10,True,2,6,218.5,43.7
fig2,0,7,1e-08,2,cycles_per_t,7,206046,3,10,True,2,6,162.5,32.5
fig2,0,7,1e-08,2,cycles_per_t,8,206047,3,10,True,2,6,180.5,36.1
fig2,0,7,1e-08,2,cycles_per_t,9,206048,3,10,True,2,6,263.5,52.7
fig2,0,7,1e-08,2,cycles_per_t,0,208052,4,10,True,2,8,205.0,41.0
fig2,0,7,1e-08,2,cycles_per_t,1,208053,4,10,True,2,8,192.5,38.5
fig2,0,7,1e-08,2,cycles_per_t,2,208054,4,10,True,2,8,177.5,35.5
fig2,0,7,1e-08,2,cycles_per_t,3,208055,4,10,True,2,8,168.0,33.6
fig2,0,7,1e-08,2,cycles_per_t,4,208056,4,10,True,2,8,186.0,37.2
fig2,0,7,1e-08,2,cycles_per_t,5,208057,4,10,True,2,8,188.0,37.6
fig2,0,7,1e-08,2,cycles_per_t,6,208058,4,10,True,2,8,213.5,42.7
fig2,0,7,1e-08,2,cycles_per_t,7,208059,4,10,True,2,8,250.0,50.0
fig2,0,7,1e-08,2,cycles_per_t,8,208060,4,10,True,2,8,192.0,38.4
fig2,0,7,1e-08,2,cycles_per_t,9,208061,4,10,True,2,8,222.5,44.5
fig2,0,7,1e-08,2,cycles_per_t,0,210065,5,10,True,2,10,241.5,48.3
fig2,0,7,1e-08,2,cycles_per_t,1,210066,5,10,True,2,10,229.5,45.9
fig2,0,7,1e-08,2,cycles_per_t,2,210067,5,10,True,2,10,205.5,41.1
fig2,0,7,1e-08,2,cycles_per_t,3,210068,5,10,True,2,10,222.5,44.5
fig2,0,7,1e-08,2,cycles_per_t,4,210069,5,10,True,2,10,209.0,41.8
fig2,0,7,1e-08,2,cycles_per_t,5,210070,5,10,True,2,10,210.5,42.1
fig2,0,7,1e-08,2,cycles_per_t,6,210071,5,10,True,2,10,218.0,43.6
fig2,0,7,1e-08,2,cycles_per_t,7,210072,5,10,True,2,10,195.0,39.0
fig2,0,7,1e-08,2,cycles_per_t,8,210073,5,10,True,2,10,262.5,52.5
fig2,0,7,1e-08,2,cycles_per_t,9,210074,5,10,True,2,10,189.0,37.8
fig2,0,7,1e-08,2,cycles_per_t,0,212078,6,10,True,2,12,224.0,44.8
fig2,0,7,1e-08,2,cycles_per_t,1,212079,6,10,True,2,12,226.5,45.3
fig2,0,7,1e-08,2,cycles_per_t,2,212080,6,10,True,2,12,197.0,39.4
fig2,0,7,1e-08,2,cycles_per_t,3,212081,6,10,True,2,12,195.0,39.0
fig2,0,7,1e-08,2,cycles_per_t,4,212082,6,10,True,2,12,212.0,42.4
fig2,0,7,1e-08,2,cycles_per_t,5,212083,6,10,True,2,12,196.0,39.2
fig2,0,7,1e-08,2,cycles_per_t,6,212084,6,10,True,2,12,203.0,40.6
fig2,0,7,1e-08,2,cycles_per_t,7,212085,6,10,True,2,12,211.5,42.3
fig2,0,7,1e-08,2,cycles_per_t,8,212086,6,10,True,2,12,213.0,42.6
fig2,0,7,1e-08,2,cycles_per_t,9,212087,6,10,True,2,12,224.0,44.8
fig2,0,7,1e-08,2,cycles_per_t,0,214091,7,10,True,2,14,218.0,43.6
fig2,0,7,1e-08,2,cycles_per_t,1,214092,7,10,True,2,14,216.0,43.2
fig2,0,7,1e-08,2,cycles_per_t,2,214093,7,10,True,2,14,217.0,43.4
fig2,0,7,1e-08,2,cycles_per_t,3,214094,7,10,True,2,14,195.0,39.0
fig2,0,7,1e-08,2,cycles_per_t,4,214095,7,10,True,2,14,216.5,43.3
fig2,0,7,1e-08,2,cycles_per_t,5,214096,7,10,True,2,14,216.5,43.3
fig2,0,7,1e-08,2,cycles_per_t,6,214097,7,10,True,2,14,231.0,46.2
fig2,0,7,1e-08,2,cycles_per_t,7,214098,7,10,True,2,14,211.5,42.3
fig2,0,7,1e-08,2,cycles_per_t,8,214099,7,10,True,2,14,201.5,40.3
fig2,0,7,1e-08,2,cycles_per_t,9,214100,7,10,True,2,14,245.5,49.1
fig2,0,7,1e-08,2,cycles_per_t,0,216104,8,10,True,2,16,249.0,49.8
fig2,0,7,1e-08,2,cycles_per_t,1,216105,8,10,True,2,16,272.0,54.4
fig2,0,7,1e-08,2,cycles_per_t,2,216106,8,10,True,2,16,218.0,43.6
fig2,0,7,1e-08,2,cycles_per_t,3,216107,8,10,True,2,16,238.5,47.7
fig2,0,7,1e-08,2,cycles_per_t,4,216108,8,10,True,2,16,236.0,47.2
fig2,0,7,1e-08,2,cycles_per_t,5,216109,8,10,True,2,16,245.0,49.0
fig2,0,7,1e-08,2,cycles_per_t,6,216110,8,10,True,2,16,204.5,40.9
fig2,0,7,1e-08,2,cycles_per_t,7,216111,8,10,True,2,16,223.5,44.7
fig2,0,7,1e-08,2,cycles_per_t,8,216112,8,10,True,2,16,245.0,49.0
fig2,0,7,1e-08,2,cycles_per_t,9,216113,8,10,True,2,16,227.5,45.5
fig2,0,7,1e-08,2,cycles_per_t,0,218117,9,10,True,2,18,247.0,49.4
fig2,0,7,1e-08,2,cycles_per_t,1,218118,9,10,True,2,18,302.5,60.5
fig2,0,7,1e-08,2,cycles_per_t,2,218119,9,10,True,2,18,241.5,48.3
fig2,0,7,1e-08,2,cycles_per_t,3,218120,9,10,True,2,18,270.0,54.0
fig2,0,7,1e-08,2,cycles_per_t,4,218121,9,10,True,2,18,232.5,46.5
fig2,0,7,1e-08,2,cycles_per_t,5,218122,9,10,True,2,18,210.5,42.1
fig2,0,7,1e-08,2,cycles_per_t,6,218123,9,10,True,2,18,265.5,53.1
fig2,0,7,1e-08,2,cycles_per_t,7,218124,9,10,True,2,18,225.5,45.1
fig2,0,7,1e-08,2,cycles_per_t,8,218125,9,10,True,2,18,248.5,49.7
fig2,0,7,1e-08,2,cycles_per_t,9,218126,9,10,True,2,18,205.0,41.0
fig2,0,7,1e-08,2,cycles_per_t,0,220130,10,10,True,2,20,274.0,54.8
fig2,0,7,1e-08,2,cycles_per_t,1,220131,10,10,True,2,20,254.5,50.9
fig2,0,7,1e-08,2,cycles_per_t,2,220132,10,10,True,2,20,252.5,50.5
fig2,0,7,1e-08,2,cycles_per_t,3,220133,10,10,True,2,20,215.0,43.0
fig2,0,7,1e-08,2,cycles_per_t,4,220134,10,10,True,2,20,236.5,47.3
fig2,0,7,1e-08,2,cycles_per_t,5,220135,10,10,True,2,20,204.0,40.8
fig2,0,7,1e-08,2,cycles_per_t,6,220136,10,10,True,2,20,248.5,49.7
fig2,0,7,1e-08,2,cycles_per_t,7,220137,10,10,True,2,20,246.0,49.2
fig2,0,7,1e-08,2,cycles_per_t,8,220138,10,10,True,2,20,241.5,48.3
fig2,0,7,1e-08,2,cycles_per_t,9,220139,10,10,True,2,20,272.0,54.4
fig2,0,7,1e-08,2,cycles_per_t,0,404013,1,10,True,4,4,85.0,34.0
fig2,0,7,1e-08,2,cycles_per_t,1,404014,1,10,True,4,4,113.0,45.2
fig2,0,7,1e-08,2,cycles_per_t,2,404015,1,10,True,4,4,110.5,44.2
fig2,0,7,1e-08,2,cycles_per_t,3,404016,1,10,True,4,4,98.5,39.4
fig2,0,7,1e-08,2,cycles_per_t,4,404017,1,10,True,4,4,97.0,38.8
fig2,0,7,1e-08,2,cycles_per_t,5,404018,1,10,True,4,4,126.0,50.4
fig2,0,7,1e-08,2,cycles_per_t,6,404019,1,10,True,4,4,107.0,42.8
fig2,0,7,1e-08,2,cycles_per_t,7,404020,1,10,True,4,4,97.5,39.0
fig2,0,7,1e-08,2,cycles_per_t,8,404021,1,10,True,4,4,110.0,44.0
fig2,0,7,1e-08,2,cycles_per_t,9,404022,1,10,True,4,4,122.0,48.8
fig2,0,7,1e-08,2,cycles_per_t,0,408026,2,10,True,4,8,142.5,57.0
fig2,0,7,1e-08,2,cycles_per_t,1,408027,2,10,True,4,8,122.0,48.8
fig2,0,7,1e-08,2,cycles_per_t,2,408028,2,10,True,4,8,108.0,43.2
fig2,0,7,1e-08,2,cycles_per_t,3,408029,2,10,True,4,8,124.0,49.6
fig2,0,7,1e-08,2,cycles_per_t,4,408030,2,10,True,4,8,125.0,50.0
fig2,0,7,1e-08,2,cycles_per_t,5,408031,2,10,True,4,8,127.5,51.0
fig2,0,7,1e-08,2,cycles_per_t,6,408032,2,10,True,4,8,140.0,56.0
fig2,0,7,1e-08,2,cycles_per_t,7,408033,2,10,True,4,8,122.5,49.0
fig2,0,7,1e-08,2,cycles_per_t,8,408034,2,10,True,4,8,154.0,61.6
fig2,0,7,1e-08,2,cycles_per_t,9,408035,2,10,True,4,8,111.0,44.4
fig2,0,7,1e-08,2,cycles_per_t,0,412039,3,10,True,4,12,135.5,54.2
fig2,0,7,1e-08,2,cycles_per_t,1,412040,3,10,True,4,12,120.5,48.2
fig2,0,7,1e-08,2,cycles_per_t,2,412041,3,10,True,4,12,165.0,66.0
fig2,0,7,1e-08,2,cycles_per_t,3,412042,3,10,True,4,12,131.5,52.6
fig2,0,7,1e-08,2,cycles_per_t,4,412043,3,10,True,4,12,140.0,56.0
fig2,0,7,1e-08,2,cycles_per_t,5,412044,3,10,True,4,12,147.0,58.8
fig2,0,7,1e-08,2,cycles_per_t,6,412045,3,10,True,4,12,136.5,54.6
fig2,0,7,1e-08,2,cycles_per_t,7,412046,3,10,True,4,12,116.0,46.4
fig2,0,7,1e-08,2,cycles_per_t,8,412047,3,10,True,4,12,116.0,46.4
fig2,0,7,1e-08,2,cycles_per_t,9,412048,3,10,True,4,12,117.0,46.8
fig2,0,7,1e-08,2,cycles_per_t,0,416052,4,10,True,4,16,124.0,49.6
fig2,0,7,1e-08,2,cycles_per_t,1,416053,4,10,True,4,16,157.5,63.0
fig2,0,7,1e-08,2,cycles_per_t,2,416054,4,10,True,4,16,137.0,54.8
fig2,0,7,1e-08,2,cycles_per_t,3,416055,4,10,True,4,16,145.0,58.0
fig2,0,7,1e-08,2,cycles_per_t,4,416056,4,10,True,4,16,150.5,60.2
fig2,0,7,1e-08,2,cycles_per_t,5,416057,4,10,True,4,16,121.5,48.6
fig2,0,7,1e-08,2,cycles_per_t,6,416058,4,10,True,4,16,138.5,55.4
fig2,0,7,1e-08,2,cycles_per_t,7,416059,4,10,True,4,16,142.0,56.8
fig2,0,7,1e-08,2,cycles_per_t,8,416060,4,10,True,4,16,122.0,48.8
fig2,0,7,1e-08,2,cycles_per_t,9,416061,4,10,True,4,16,170.5,68.2
fig2,0,7,1e-08,2,cycles_per_t,0,420065,5,10,True,4,20,147.5,59.0
fig2,0,7,1e-08,2,cycles_per_t,1,420066,5,10,True,4,20,163.5,65.4
fig2,0,7,1e-08,2,cycles_per_t,2,420067,5,10,True,4,20,130.5,52.2
fig2,0,7,1e-08,2,cycles_per_t,3,420068,5,10,True,4,20,147.0,58.8
fig2,0,7,1e-08,2,cycles_per_t,4,420069,5,10,True,4,20,143.0,57.2
fig2,0,7,1e-08,2,cycles_per_t,5,420070,5,10,True,4,20,153.0,61.2
fig2,0,7,1e-08,2,cycles_per_t,6,420071,5,10,True,4,20,159.0,63.6
fig2,0,7,1e-08,2,cycles_per_t,7,420072,5,10,True,4,20,130.0,52.0
fig2,0,7,1e-08,2,cycles_per_t,8,420073,5,10,True,4,20,125.0,50.0
fig2,0,7,1e-08,2,cycles_per_t,9,420074,5,10,True,4,20,147.0,58.8
fig2,0,7,1e-08,2,cycles_per_t,0,424078,6,10,True,4,24,140.0,56.0
fig2,0,7,1e-08,2,cycles_per_t,1,424079,6,10,True,4,24,151.0,60.4
fig2,0,7,1e-08,2,cycles_per_t,2,424080,6,10,True,4,24,181.5,72.6
fig2,0,7,1e-08,2,cycles_per_t,3,424081,6,10,True,4,24,166.0,66.4
fig2,0,7,1e-08,2,cycles_per_t,4,424082,6,10,True,4,24,150.0,60.0
fig2,0,7,1e-08,2,cycles_per_t,5,424083,6,10,True,4,24,150.0,60.0
fig2,0,7,1e-08,2,cycles_per_t,6,424084,6,10,True,4,24,153.5,61.4
fig2,0,7,1e-08,2,cycles_per_t,7,424085,6,10,True,4,24,169.5,67.8
fig2,0,7,1e-08,2,cycles_per_t,8,424086,6,10,True,4,24,165.0,66.0
fig2,0,7,1e-08,2,cycles_per_t,9,424087,6,10,True,4,24,148.0,59.2
fig2,0,7,1e-08,2,cycles_per_t,0,428091,7,10,True,4,28,179.5,71.8
fig2,0,7,1e-08,2,cycles_per_t,1,428092,7,10,True,4,28,143.5,57.4
fig2,0,7,1e-08,2,cycles_per_t,2,428093,7,10,True,4,28,143.5,57.4
fig2,0,7,1e-08,2,cycles_per_t,3,428094,7,10,True,4,28,150.0,60.0
fig2,0,7,1e-08,2,cycles_per_t,4,428095,7,10,True,4,28,132.5,53.0
fig2,0,7,1e-08,2,cycles_per_t,5,428096,7,10,True,4,28,155.0,62.0
fig2,0,7,1e-08,2,cycles_per_t,6,428097,7,10,True,4,28,152.0,60.8
fig2,0,7,1e-08,2,cycles_per_t,7,428098,7,10,True,4,28,154.0,61.6
fig2,0,7,1e-08,2,cycles_per_t,8,428099,7,10,True,4,28,137.5,55.0
fig2,0,7,1e-08,2,cycles_per_t,9,428100,7,10,True,4,28,149.0,59.6
fig2,0,7,1e-08,2,cycles_per_t,0,432104,8,10,True,4,32,156.5,62.6
fig2,0,7,1e-08,2,cycles_per_t,1,432105,8,10,True,4,32,166.5,66.6
fig2,0,7,1e-08,2,cycles_per_t,2,432106,8,10,True,4,32,142.5,57.0
fig2,0,7,1e-08,2,cycles_per_t,3,432107,8,10,True,4,32,163.0,65.2
fig2,0,7,1e-08,2,cycles_per_t,4,432108,8,10,True,4,32,158.0,63.2
fig2,0,7,1e-08,2,cycles_per_t,5,432109,8,10,True,4,32,140.0,56.0
fig2,0,7,1e-08,2,cycles_per_t,6,432110,8,10,True,4,32,181.5,72.6
fig2,0,7,1e-08,2,cycles_per_t,7,432111,8,10,True,4,32,169.5,67.8
fig2,0,7,1e-08,2,cycles_per_t,8,432112,8,10,True,4,32,172.0,68.8
fig2,0,7,1e-08,2,cycles_per_t,9,432113,8,10,True,4,32,132.5,53.0
fig2,0,7,1e-08,2,cycles_per_t,0,436117,9,10,True,4,36,176.0,70.4
fig2,0,7,1e-08,2,cycles_per_t,1,436118,9,10,True,4,36,169.5,67.8
fig2,0,7,1e-08,2,cycles_per_t,2,436119,9,10,True,4,36,142.5,57.0
fig2,0,7,1e-08,2,cycles_per_t,3,436120,9,10,True,4,36,174.0,69.6
fig2,0,7,1e-08,2,cycles_per_t,4,436121,9,10,True,4,36,174.5,69.8
fig2,0,7,1e-08,2,cycles_per_t,5,436122,9,10,True,4,36,165.0,66.0
fig2,0,7,1e-08,2,cycles_per_t,6,436123,9,10,True,4,36,177.5,71.0
fig2,0,7,1e-08,2,cycles_per_t,7,436124,9,10,True,4,36,147.0,58.8
fig2,0,7,1e-08,2,cycles_per_t,8,436125,9,10,True,4,36,162.0,64.8
fig2,0,7,1e-08,2,cycles_per_t,9,436126,9,10,True,4,36,174.0,69.6
fig2,0,7,1e-08,2,cycles_per_t,0,440130,10,10,True,4,40,186.0,74.4
fig2,0,7,1e-08,2,cycles_per_t,1,440131,10,10,True,4,40,190.5,76.2
fig2,0,7,1e-08,2,cycles_per_t,2,440132,10,10,True,4,40,165.5,66.2
fig2,0,7,1e-08,2,cycles_per_t,3,440133,10,10,True,4,40,144.0,57.6
fig2,0,7,1e-08,2,cycles_per_t,4,440134,10,10,True,4,40,182.0,72.8
fig2,0,7,1e-08,2,cycles_per_t,5,440135,10,10,True,4,40,199.0,79.6
fig2,0,7,1e-08,2,cycles_per_t,6,440136,10,10,True,4,40,164.0,65.6
fig2,0,7,1e-08,2,cycles_per_t,7,440137,10,10,True,4,40,167.0,66.8
fig2,0,7,1e-08,2,cycles_per_t,8,440138,10,10,True,4,40,166.5,66.6
fig2,0,7,1e-08,2,cycles_per_t,9,440139,10,10,True,4,40,178.5,71.4
fig2,0,7,1e-08,2,cycles_per_t,0,808013,1,10,True,8,8,86.5,69.2
fig2,0,7,1e-08,2,cycles_per_t,1,808014,1,10,True,8,8,59.0,47.2
fig2,0,7,1e-08,2,cycles_per_t,2,808015,1,10,True,8,8,69.0,55.2
fig2,0,7,1e-08,2,cycles_per_t,3,808016,1,10,True,8,8,74.0,59.2
fig2,0,7,1e-08,2,cycles_per_t,4,808017,1,10,True,8,8,73.5,58.8
fig2,0,7,1e-08,2,cycles_per_t,5,808018,1,10,True,8,8,88.0,70.4
fig2,0,7,1e-08,2,cycles_per_t,6,808019,1,10,True,8,8,74.0,59.2
fig2,0,7,1e-08,2,cycles_per_t,7,808020,1,10,True,8,8,73.5,58.8
fig2,0,7,1e-08,2,cycles_per_t,8,808021,1,10,True,8,8,71.5,57.2
fig2,0,7,1e-08,2,cycles_per_t,9,808022,1,10,True,8,8,70.0,56.0
fig2,0,7,1e-08,2,cycles_per_t,0,816026,2,10,True,8,16,101.5,81.2
fig2,0,7,1e-08,2,cycles_per_t,1,816027,2,10,True,8,16,67.0,53.6
fig2,0,7,1e-08,2,cycles_per_t,2,816028,2,10,True,8,16,101.5,81.2
fig2,0,7,1e-08,2,cycles_per_t,3,816029,2,10,True,8,16,86.5,69.2
fig2,0,7,1e-08,2,cycles_per_t,4,816030,2,10,True,8,16,80.5,64.4
fig2,0,7,1e-08,2,cycles_per_t,5,816031,2,10,True,8,16,103.5,82.8
fig2,0,7,1e-08,2,cycles_per_t,6,816032,2,10,True,8,16,86.0,68.8
fig2,0,7,1e-08,2,cycles_per_t,7,816033,2,10,True,8,16,98.5,78.8
fig2,0,7,1e-08,2,cycles_per_t,8,816034,2,10,True,8,16,83.5,66.8
fig2,0,7,1e-08,2,cycles_per_t,9,816035,2,10,True,8,16,78.0,62.4
fig2,0,7,1e-08,2,cycles_per_t,0,824039,3,10,True,8,24,90.0,72.0
fig2,0,7,1e-08,2,cycles_per_t,1,824040,3,10,True,8,24,90.5,72.4
fig2,0,7,1e-08,2,cycles_per_t,2,824041,3,10,True,8,24,96.0,76.8
fig2,0,7,1e-08,2,cycles_per_t,3,824042,3,10,True,8,24,98.0,78.4
fig2,0,7,1e-08,2,cycles_per_t,4,824043,3,10,True,8,24,95.0,76.0
fig2,0,7,1e-08,2,cycles_per_t,5,824044,3,10,True,8,24,96.0,76.8
fig2,0,7,1e-08,2,cycles_per_t,6,824045,3,10,True,8,24,103.0,82.4
fig2,0,7,1e-08,2,cycles_per_t,7,824046,3,10,True,8,24,95.5,76.4
fig2,0,7,1e-08,2,cycles_per_t,8,824047,3,10,True,8,24,105.0,84.0
fig2,0,7,1e-08,2,cycles_per_t,9,824048,3,10,True,8,24,95.0,76.0
fig2,0,7,1e-08,2,cycles_per_t,0,832052,4,10,True,8,32,87.5,70.0
fig2,0,7,1e-08,2,cycles_per_t,1,832053,4,10,True,8,32,93.0,74.4
fig2,0,7,1e-08,2,cycles_per_t,2,832054,4,10,True,8,32,99.0,79.2
fig2,0,7,1e-08,2,cycles_per_t,3,832055,4,10,True,8,32,104.0,83.2
fig2,0,7,1e-08,2,cycles_per_t,4,832056,4,10,True,8,32,110.0,88.0
fig2,0,7,1e-08,2,cycles_per_t,5,832057,4,10,True,8,32,122.0,97.6
fig2,0,7,1e-08,2,cycles_per_t,6,832058,4,10,True,8,32,107.5,86.0
fig2,0,7,1e-08,2,cycles_per_t,7,832059,4,10,True,8,32,103.5,82.8
fig2,0,7,1e-08,2,cycles_per_t,8,832060,4,10,True,8,32,104.0,83.2
fig2,0,7,1e-08,2,cycles_per_t,9,832061,4,10,True,8,32,106.0,84.8
fig2,0,7,1e-08,2,cycles_per_t,0,840065,5,10,True,8,40,128.0,102.4
fig2,0,7,1e-08,2,cycles_per_t,1,840066,5,10,True,8,40,133.5,106.8
fig2,0,7,1e-08,2,cycles_per_t,2,840067,5,10,True,8,40,128.0,102.4
fig2,0,7,1e-08,2,cycles_per_t,3,840068,5,10,True,8,40,136.5,109.2
fig2,0,7,1e-08,2,cycles_per_t,4,840069,5,10,True,8,40,115.5,92.4
fig2,0,7,1e-08,2,cycles_per_t,5,840070,5,10,True,8,40,121.0,96.8
fig2,0,7,1e-08,2,cycles_per_t,6,840071,5,10,True,8,40,110.0,88.0
fig2,0,7,1e-08,2,cycles_per_t,7,840072,5,10,True,8,40,110.5,88.4
fig2,0,7,1e-08,2,cycles_per_t,8,840073,5,10,True,8,40,134.0,107.2
fig2,0,7,1e-08,2,cycles_per_t,9,840074,5,10,True,8,40,110.5,88.4
fig2,0,7,1e-08,2,cycles_per_t,0,848078,6,10,True,8,48,121.0,96.8
fig2,0,7,1e-08,2,cycles_per_t,1,848079,6,10,True,8,48,122.0,97.6
fig2,0,7,1e-08,2,cycles_per_t,2,848080,6,10,True,8,48,110.5,88.4
fig2,0,7,1e-08,2,cycles_per_t,3,848081,6,10,True,8,48,146.0,116.8
fig2,0,7,1e-08,2,cycles_per_t,4,848082,6,10,True,8,48,122.5,98.0
fig2,0,7,1e-08,2,cycles_per_t,5,848083,6,10,True,8,48,146.0,116.8
fig2,0,7,1e-08,2,cycles_per_t,6,848084,6,10,True,8,48,130.5,104.4
fig2,0,7,1e-08,2,cycles_per_t,7,848085,6,10,True,8,48,126.5,101.2
fig2,0,7,1e-08,2,cycles_per_t,8,848086,6,10,True,8,48,114.0,91.2
fig2,0,7,1e-08,2,cycles_per_t,9,848087,6,10,True,8,48,116.0,92.8
fig2,0,7,1e-08,2,cycles_per_t,0,856091,7,10,True,8,56,130.0,104.0
fig2,0,7,1e-08,2,cycles_per_t,1,856092,7,10,True,8,56,139.0,111.2
fig2,0,7,1e-08,2,cycles_per_t,2,856093,7,10,True,8,56,128.5,102.8
fig2,0,7,1e-08,2,cycles_per_t,3,856094,7,10,True,8,56,138.0,110.4
fig2,0,7,1e-08,2,cycles_per_t,4,856095,7,10,True,8,56,141.0,112.8
fig2,0,7,1e-08,2,cycles_per_t,5,856096,7,10,True,8,56,124.5,99.6
fig2,0,7,1e-08,2,cycles_per_t,6,856097,7,10,True,8,56,130.5,104.4
fig2,0,7,1e-08,2,cycles_per_t,7,856098,7,10,True,8,56,123.0,98.4
fig2,0,7,1e-08,2,cycles_per_t,8,856099,7,10,True,8,56,128.0,102.4
fig2,0,7,1e-08,2,cycles_per_t,9,856100,7,10,True,8,56,138.0,110.4
fig2,0,7,1e-08,2,cycles_per_t,0,864104,8,10,True,8,64,152.5,122.0
fig2,0,7,1e-08,2,cycles_per_t,1,864105,8,10,True,8,64,122.0,97.6
fig2,0,7,1e-08,2,cycles_per_t,2,864106,8,10,True,8,64,134.0,107.2
fig2,0,7,1e-08,2,cycles_per_t,3,864107,8,10,True,8,64,125.0,100.0
fig2,0,7,1e-08,2,cycles_per_t,4,864108,8,10,True,8,64,154.0,123.2
fig2,0,7,1e-08,2,cycles_per_t,5,864109,8,10,True,8,64,144.5,115.6
fig2,0,7,1e-08,2,cycles_per_t,6,864110,8,10,True,8,64,146.5,117.2
fig2,0,7,1e-08,2,cycles_per_t,7,864111,8,10,True,8,64,134.5,107.6
fig2,0,7,1e-08,2,cycles_per_t,8,864112,8,10,True,8,64,152.0,121.6
fig2,0,7,1e-08,2,cycles_per_t,9,864113,8,10,True,8,64,140.0,112.0
fig2,0,7,1e-08,2,cycles_per_t,0,872117,9,10,True,8,72,137.0,109.6
fig2,0,7,1e-08,2,cycles_per_t,1,872118,9,10,True,8,72,145.5,116.4
fig2,0,7,1e-08,2,cycles_per_t,2,872119,9,10,True,8,72,154.0,123.2
fig2,0,7,1e-08,2,cycles_per_t,3,872120,9,10,True,8,72,133.5,106.8
fig2,0,7,1e-08,2,cycles_per_t,4,872121,9,10,True,8,72,136.5,109.2
fig2,0,7,1e-08,2,cycles_per_t,5,872122,9,10,True,8,72,131.0,104.8
fig2,0,7,1e-08,2,cycles_per_t,6,872123,9,10,True,8,72,147.0,117.6
fig2,0,7,1e-08,2,cycles_per_t,7,872124,9,10,True,8,72,142.0,113.6
fig2,0,7,1e-08,2,cycles_per_t,8,872125,9,10,True,8,72,135.0,108.0
fig2,0,7,1e-08,2,cycles_per_t,9,872126,9,10,True,8,72,130.5,104.4
fig2,0,7,1e-08,2,cycles_per_t,0,880130,10,10,True,8,80,130.0,104.0
fig2,0,7,1e-08,2,cycles_per_t,1,880131,10,10,True,8,80,142.0,113.6
fig2,0,7,1e-08,2,cycles_per_t,2,880132,10,10,True,8,80,126.0,100.8
fig2,0,7,1e-08,2,cycles_per_t,3,880133,10,10,True,8,80,145.5,116.4
fig2,0,7,1e-08,2,cycles_per_t,4,880134,10,10,True,8,80,160.5,128.4
fig2,0,7,1e-08,2,cycles_per_t,5,880135,10,10,True,8,80,141.0,112.8
fig2,0,7,1e-08,2,cycles_per_t,6,880136,10,10,True,8,80,137.5,110.0
fig2,0,7,1e-08,2,cycles_per_t,7,880137,10,10,True,8,80,136.0,108.8
fig2,0,7,1e-08,2,cycles_per_t,8,880138,10,10,True,8,80,169.5,135.6
fig2,0,7,1e-08,2,cycles_per_t,9,880139,10,10,True,8,80,151.0,120.8
fig2,1,13,1e-08,4,cycles_per_t,0,2101013,1,10,True,1,1,216.5,21.65
fig2,1,13,1e-08,4,cycles_per_t,1,2101014,1,10,True,1,1,201.5,20.15
fig2,1,13,1e-08,4,cycles_per_t,2,2101015,1,10,True,1,1,227.5,22.75
fig2,1,13,1e-08,4,cycles_per_t,3,2101016,1,10,True,1,1,231.5,23.15
fig2,1,13,1e-08,4,cycles_per_t,4,2101017,1,10,True,1,1,271.5,27.15
fig2,1,13,1e-08,4,cycles_per_t,5,2101018,1,10,True,1,1,194.5,19.45
fig2,1,13,1e-08,4,cycles_per_t,6,2101019,1,10,True,1,1,195.5,19.55
fig2,1,13,1e-08,4,cycles_per_t,7,2101020,1,10,True,1,1,202.5,20.25
fig2,1,13,1e-08,4,cycles_per_t,8,2101021,1,10,True,1,1,247.5,24.75
fig2,1,13,1e-08,4,cycles_per_t,9,2101022,1,10,True,1,1,199.5,19.95
fig2,1,13,1e-08,4,cycles_per_t,0,2102026,2,10,True,1,2,239.5,23.95
fig2,1,13,1e-08,4,cycles_per_t,1,2102027,2,10,True,1,2,272.0,27.2
fig2,1,13,1e-08,4,cycles_per_t,2,2102028,2,10,True,1,2,265.5,26.55
fig2,1,13,1e-08,4,cycles_per_t,3,2102029,2,10,True,1,2,220.5,22.05
fig2,1,13,1e-08,4,cycles_per_t,4,2102030,2,10,True,1,2,302.0,30.2
fig2,1,13,1e-08,4,cycles_per_t,5,2102031,2,10,True,1,2,304.5,30.45
fig2,1,13,1e-08,4,cycles_per_t,6,2102032,2,10,True,1,2,222.5,22.25
fig2,1,13,1e-08,4,cycles_per_t,7,2102033,2,10,True,1,2,254.0,25.4
fig2,1,13,1e-08,4,cycles_per_t,8,2102034,2,10,True,1,2,218.5,21.85
fig2,1,13,1e-08,4,cycles_per_t,9,2102035,2,10,True,1,2,276.5,27.65
fig2,1,13,1e-08,4,cycles_per_t,0,2103039,3,10,True,1,3,244.5,24.45
fig2,1,13,1e-08,4,cycles_per_t,1,2103040,3,10,True,1,3,261.0,26.1
fig2,1,13,1e-08,4,cycles_per_t,2,2103041,3,10,True,1,3,265.5,26.55
fig2,1,13,1e-08,4,cycles_per_t,3,2103042,3,10,True,1,3,242.0,24.2
fig2,1,13,1e-08,4,cycles_per_t,4,2103043,3,10,True,1,3,228.5,22.85
fig2,1,13,1e-08,4,cycles_per_t,5,2103044,3,10,True,1,3,265.5,26.55
fig2,1,13,1e-08,4,cycles_per_t,6,2103045,3,10,True,1,3,264.0,26.4
fig2,1,13,1e-08,4,cycles_per_t,7,2103046,3,10,True,1,3,222.5,22.25
fig2,1,13,1e-08,4,cycles_per_t,8,2103047,3,10,True,1,3,224.0,22.4
fig2,1,13,1e-08,4,cycles_per_t,9,2103048,3,10,True,1,3,218.0,21.8
fig2,1,13,1e-08,4,cycles_per_t,0,2104052,4,10,True,1,4,229.5,22.95
fig2,1,13,1e-08,4,cycles_per_t,1,2104053,4,10,True,1,4,262.5,26.25
fig2,1,13,1e-08,4,cycles_per_t,2,2104054,4,10,True,1,4,247.0,24.7
fig2,1,13,1e-08,4,cycles_per_t,3,2104055,4,10,True,1,4,232.0,23.2
fig2,1,13,1e-08,4,cycles_per_t,4,2104056,4,10,True,1,4,265.0,26.5
fig2,1,13,1e-08,4,cycles_per_t,5,2104057,4,10,True,1,4,245.0,24.5
fig2,1,13,1e-08,4,cycles_per_t,6,2104058,4,10,True,1,4,231.5,23.15
fig2,1,13,1e-08,4,cycles_per_t,7,2104059,4,10,True,1,4,212.5,21.25
fig2,1,13,1e-08,4,cycles_per_t,8,2104060,4,10,True,1,4,235.0,23.5
fig2,1,13,1e-08,4,cycles_per_t,9,2104061,4,10,True,1,4,244.5,24.45
fig2,1,13,1e-08,4,cycles_per_t,0,2105065,5,10,True,1,5,229.5,22.95
fig2,1,13,1e-08,4,cycles_per_t,1,2105066,5,10,True,1,5,247.0,24.7
fig2,1,13,1e-08,4,cycles_per_t,2,2105067,5,10,True,1,5,229.5,22.95
fig2,1,13,1e-08,4,cycles_per_t,3,2105068,5,10,True,1,5,246.0,24.6
fig2,1,13,1e-08,4,cycles_per_t,4,2105069,5,10,True,1,5,252.0,25.2
fig2,1,13,1e-08,4,cycles_per_t,5,2105070,5,10,True,1,5,267.0,26.7
fig2,1,13,1e-08,4,cycles_per_t,6,2105071,5,10,True,1,5,224.5,22.45
fig2,1,13,1e-08,4,cycles_per_t,7,2105072,5,10,True,1,5,244.5,24.45
fig2,1,13,1e-08,4,cycles_per_t,8,2105073,5,10,True,1,5,207.5,20.75
fig2,1,13,1e-08,4,cycles_per_t,9,2105074,5,10,True,1,5,244.0,24.4
fig2,1,13,1e-08,4,cycles_per_t,0,2106078,6,10,True,1,6,238.0,23.8
fig2,1,13,1e-08,4,cycles_per_t,1,2106079,6,10,True,1,6,257.0,25.7
fig2,1,13,1e-08,4,cycles_per_t,2,2106080,6,10,True,1,6,214.5,21.45
fig2,1,13,1e-08,4,cycles_per_t,3,2106081,6,10,True,1,6,259.5,25.95
fig2,1,13,1e-08,4,cycles_per_t,4,2106082,6,10,True,1,6,221.0,22.1
fig2,1,13,1e-08,4,cycles_per_t,5,2106083,6,10,True,1,6,235.0,23.5
fig2,1,13,1e-08,4,cycles_per_t,6,2106084,6,10,True,1,6,233.0,23.3
fig2,1,13,1e-08,4,cycles_per_t,7,2106085,6,10,True,1,6,262.0,26.2
fig2,1,13,1e-08,4,cycles_per_t,8,2106086,6,10,True,1,6,272.0,27.2
fig2,1,13,1e-08,4,cycles_per_t,9,2106087,6,10,True,1,6,269.0,26.9
fig2,1,13,1e-08,4,cycles_per_t,0,2107091,7,10,True,1,7,224.5,22.45
fig2,1,13,1e-08,4,cycles_per_t,1,2107092,7,10,True,1,7,241.0,24.1
fig2,1,13,1e-08,4,cycles_per_t,2,2107093,7,10,True,1,7,240.5,24.05
fig2,1,13,1e-08,4,cycles_per_t,3,2107094,7,10,True,1,7,268.0,26.8
fig2,1,13,1e-08,4,cycles_per_t,4,2107095,7,10,True,1,7,242.0,24.2
fig2,1,13,1e-08,4,cycles_per_t,5,2107096,7,10,True,1,7,246.0,24.6
fig2,1,13,1e-08,4,cycles_per_t,6,2107097,7,10,True,1,7,218.5,21.85
fig2,1,13,1e-08,4,cycles_per_t,7,2107098,7,10,True,1,7,238.0,23.8
fig2,1,13,1e-08,4,cycles_per_t,8,2107099,7,10,True,1,7,259.0,25.9
fig2,1,13,1e-08,4,cycles_per_t,9,2107100,7,10,True,1,7,243.0,24.3
fig2,1,13,1e-08,4,cycles_per_t,0,2108104,8,10,True,1,8,223.0,22.3
fig2,1,13,1e-08,4,cycles_per_t,1,2108105,8,10,True,1,8,246.5,24.65
fig2,1,13,1e-08,4,cycles_per_t,2,2108106,8,10,True,1,8,231.0,23.1
fig2,1,13,1e-08,4,cycles_per_t,3,2108107,8,10,True,1,8,256.0,25.6
fig2,1,13,1e-08,4,cycles_per_t,4,2108108,8,10,True,1,8,249.5,24.95
fig2,1,13,1e-08,4,cycles_per_t,5,2108109,8,10,True,1,8,238.5,23.85
fig2,1,13,1e-08,4,cycles_per_t,6,2108110,8,10,True,1,8,226.5,22.65
fig2,1,13,1e-08,4,cycles_per_t,7,2108111,8,10,True,1,8,243.0,24.3
fig2,1,13,1e-08,4,cycles_per_t,8,2108112,8,10,True,1,8,246.0,24.6
fig2,1,13,1e-08,4,cycles_per_t,9,2108113,8,10,True,1,8,234.5,23.45
fig2,1,13,1e-08,4,cycles_per_t,0,2109117,9,10,True,1,9,258.0,25.8
fig2,1,13,1e-08,4,cycles_per_t,1,2109118,9,10,True,1,9,278.5,27.85
fig2,1,13,1e-08,4,cycles_per_t,2,2109119,9,10,True,1,9,227.0,22.7
fig2,1,13,1e-08,4,cycles_per_t,3,2109120,9,10,True,1,9,253.0,25.3
fig2,1,13,1e-08,4,cycles_per_t,4,2109121,9,10,True,1,9,240.0,24.0
fig2,1,13,1e-08,4,cycles_per_t,5,2109122,9,10,True,1,9,235.5,23.55
fig2,1,13,1e-08,4,cycles_per_t,6,2109123,9,10,True,1,9,268.0,26.8
fig2,1,13,1e-08,4,cycles_per_t,7,2109124,9,10,True,1,9,263.0,26.3
fig2,1,13,1e-08,4,cycles_per_t,8,2109125,9,10,True,1,9,245.5,24.55
fig2,1,13,1e-08,4,cycles_per_t,9,2109126,9,10,True,1,9,247.5,24.75
fig2,1,13,1e-08,4,cycles_per_t,0,2110130,10,10,True,1,10,248.0,24.8
fig2,1,13,1e-08,4,cycles_per_t,1,2110131,10,10,True,1,10,254.5,25.45
fig2,1,13,1e-08,4,cycles_per_t,2,2110132,10,10,True,1,10,253.0,25.3
fig2,1,13,1e-08,4,cycles_per_t,3,2110133,10,10,True,1,10,234.0,23.4
fig2,1,13,1e-08,4,cycles_per_t,4,2110134,10,10,True,1,10,230.5,23.05
fig2,1,13,1e-08,4,cycles_per_t,5,2110135,10,10,True,1,10,246.0,24.6
fig2,1,13,1e-08,4,cycles_per_t,6,2110136,10,10,True,1,10,249.0,24.9
fig2,1,13,1e-08,4,cycles_per_t,7,2110137,10,10,True,1,10,250.0,25.0
fig2,1,13,1e-08,4,cycles_per_t,8,2110138,10,10,True,1,10,227.0,22.7
fig2,1,13,1e-08,4,cycles_per_t,9,2110139,10,10,True,1,10,269.0,26.9
fig2,1,13,1e-08,4,cycles_per_t,0,2202013,1,10,True,2,2,109.5,21.9
fig2,1,13,1e-08,4,cycles_per_t,1,2202014,1,10,True,2,2,153.5,30.7
fig2,1,13,1e-08,4,cycles_per_t,2,2202015,1,10,True,2,2,121.5,24.3
fig2,1,13,1e-08,4,cycles_per_t,3,2202016,1,10,True,2,2,103.5,20.7
fig2,1,13,1e-08,4,cycles_per_t,4,2202017,1,10,True,2,2,124.5,24.9
fig2,1,13,1e-08,4,cycles_per_t,5,2202018,1,10,True,2,2,123.5,24.7
fig2,1,13,1e-08,4,cycles_per_t,6,2202019,1,10,True,2,2,122.5,24.5
fig2,1,13,1e-08,4,cycles_per_t,7,2202020,1,10,True,2,2,110.5,22.1
fig2,1,13,1e-08,4,cycles_per_t,8,2202021,1,10,True,2,2,109.5,21.9
fig2,1,13,1e-08,4,cycles_per_t,9,2202022,1,10,True,2,2,119.5,23.9
fig2,1,13,1e-08,4,cycles_per_t,0,2204026,2,10,True,2,4,148.5,29.7
fig2,1,13,1e-08,4,cycles_per_t,1,2204027,2,10,True,2,4,169.0,33.8
fig2,1,13,1e-08,4,cycles_per_t,2,2204028,2,10,True,2,4,134.5,26.9
fig2,1,13,1e-08,4,cycles_per_t,3,2204029,2,10,True,2,4,118.0,23.6
fig2,1,13,1e-08,4,cycles_per_t,4,2204030,2,10,True,2,4,131.0,26.2
fig2,1,13,1e-08,4,cycles_per_t,5,2204031,2,10,True,2,4,146.5,29.3
fig2,1,13,1e-08,4,cycles_per_t,6,2204032,2,10,True,2,4,159.5,31.9
fig2,1,13,1e-08,4,cycles_per_t,7,2204033,2,10,True,2,4,115.5,23.1
fig2,1,13,1e-08,4,cycles_per_t,8,2204034,2,10,True,2,4,132.0,26.4
fig2,1,13,1e-08,4,cycles_per_t,9,2204035,2,10,True,2,4,116.5,23.3
fig2,1,13,1e-08,4,cycles_per_t,0,2206039,3,10,True,2,6,137.0,27.4
fig2,1,13,1e-08,4,cycles_per_t,1,2206040,3,10,True,2,6,158.0,31.6
fig2,1,13,1e-08,4,cycles_per_t,2,2206041,3,10,True,2,6,160.5,32.1
fig2,1,13,1e-08,4,cycles_per_t,3,2206042,3,10,True,2,6,139.0,27.8
fig2,1,13,1e-08,4,cycles_per_t,4,2206043,3,10,True,2,6,134.0,26.8
fig2,1,13,1e-08,4,cycles_per_t,5,2206044,3,10,True,2,6,155.5,31.1
fig2,1,13,1e-08,4,cycles_per_t,6,2206045,3,10,True,2,6,139.0,27.8
fig2,1,13,1e-08,4,cycles_per_t,7,2206046,3,10,True,2,6,125.5,25.1
fig2,1,13,1e-08,4,cycles_per_t,8,2206047,3,10,True,2,6,137.0,27.4
fig2,1,13,1e-08,4,cycles_per_t,9,2206048,3,10,True,2,6,119.5,23.9
fig2,1,13,1e-08,4,cycles_per_t,0,2208052,4,10,True,2,8,124.0,24.8
fig2,1,13,1e-08,4,cycles_per_t,1,2208053,4,10,True,2,8,139.0,27.8
fig2,1,13,1e-08,4,cycles_per_t,2,2208054,4,10,True,2,8,128.5,25.7
fig2,1,13,1e-08,4,cycles_per_t,3,2208055,4,10,True,2,8,141.0,28.2
fig2,1,13,1e-08,4,cycles_per_t,4,2208056,4,10,True,2,8,158.5,31.7
fig2,1,13,1e-08,4,cycles_per_t,5,2208057,4,10,True,2,8,139.5,27.9
fig2,1,13,1e-08,4,cycles_per_t,6,2208058,4,10,True,2,8,127.5,25.5
fig2,1,13,1e-08,4,cycles_per_t,7,2208059,4,10,True,2,8,135.0,27.0
fig2,1,13,1e-08,4,cycles_per_t,8,2208060,4,10,True,2,8,131.5,26.3
fig2,1,13,1e-08,4,cycles_per_t,9,2208061,4,10,True,2,8,157.0,31.4
fig2,1,13,1e-08,4,cycles_per_t,0,2210065,5,10,True,2,10,127.0,25.4
fig2,1,13,1e-08,4,cycles_per_t,1,2210066,5,10,True,2,10,124.5,24.9
fig2,1,13,1e-08,4,cycles_per_t,2,2210067,5,10,True,2,10,146.5,29.3
fig2,1,13,1e-08,4,cycles_per_t,3,2210068,5,10,True,2,10,137.5,27.5
fig2,1,13,1e-08,4,cycles_per_t,4,2210069,5,10,True,2,10,141.5,28.3
fig2,1,13,1e-08,4,cycles_per_t,5,2210070,5,10,True,2,10,125.5,25.1
fig2,1,13,1e-08,4,cycles_per_t,6,2210071,5,10,True,2,10,142.5,28.5
fig2,1,13,1e-08,4,cycles_per_t,7,2210072,5,10,True,2,10,145.0,29.0
fig2,1,13,1e-08,4,cycles_per_t,8,2210073,5,10,True,2,10,141.5,28.3
fig2,1,13,1e-08,4,cycles_per_t,9,2210074,5,10,True,2,10,143.0,28.6
fig2,1,13,1e-08,4,cycles_per_t,0,2212078,6,10,True,2,12,122.5,24.5
fig2,1,13,1e-08,4,cycles_per_t,1,2212079,6,10,True,2,12,151.0,30.2
fig2,1,13,1e-08,4,cycles_per_t,2,2212080,6,10,True,2,12,131.5,26.3
fig2,1,13,1e-08,4,cycles_per_t,3,2212081,6,10,True,2,12,122.5,24.5
fig2,1,13,1e-08,4,cycles_per_t,4,2212082,6,10,True,2,12,146.0,29.2
fig2,1,13,1e-08,4,cycles_per_t,5,2212083,6,10,True,2,12,150.0,30.0
fig2,1,13,1e-08,4,cycles_per_t,6,2212084,6,10,True,2,12,127.5,25.5
fig2,1,13,1e-08,4,cycles_per_t,7,2212085,6,10,True,2,12,146.0,29.2
fig2,1,13,1e-08,4,cycles_per_t,8,2212086,6,10,True,2,12,145.0,29.0
fig2,1,13,1e-08,4,cycles_per_t,9,2212087,6,10,True,2,12,147.0,29.4
fig2,1,13,1e-08,4,cycles_per_t,0,2214091,7,10,True,2,14,130.0,26.0
fig2,1,13,1e-08,4,cycles_per_t,1,2214092,7,10,True,2,14,126.5,25.3
fig2,1,13,1e-08,4,cycles_per_t,2,2214093,7,10,True,2,14,129.0,25.8
fig2,1,13,1e-08,4,cycles_per_t,3,2214094,7,10,True,2,14,151.0,30.2
fig2,1,13,1e-08,4,cycles_per_t,4,2214095,7,10,True,2,14,155.5,31.1
fig2,1,13,1e-08,4,cycles_per_t,5,2214096,7,10,True,2,14,131.5,26.3
fig2,1,13,1e-08,4,cycles_per_t,6,2214097,7,10,True,2,14,168.5,33.7
fig2,1,13,1e-08,4,cycles_per_t,7,2214098,7,10,True,2,14,125.0,25.0
fig2,1,13,1e-08,4,cycles_per_t,8,2214099,7,10,True,2,14,146.5,29.3
fig2,1,13,1e-08,4,cycles_per_t,9,2214100,7,10,True,2,14,131.0,26.2
fig2,1,13,1e-08,4,cycles_per_t,0,2216104,8,10,True,2,16,153.0,30.6
fig2,1,13,1e-08,4,cycles_per_t,1,2216105,8,10,True,2,16,127.5,25.5
fig2,1,13,1e-08,4,cycles_per_t,2,2216106,8,10,True,2,16,170.0,34.0
fig2,1,13,1e-08,4,cycles_per_t,3,2216107,8,10,True,2,16,140.0,28.0
fig2,1,13,1e-08,4,cycles_per_t,4,2216108,8,10,True,2,16,127.0,25.4
fig2,1,13,1e-08,4,cycles_per_t,5,2216109,8,10,True,2,16,137.0,27.4
fig2,1,13,1e-08,4,cycles_per_t,6,2216110,8,10,True,2,16,153.0,30.6
fig2,1,13,1e-08,4,cycles_per_t,7,2216111,8,10,True,2,16,151.0,30.2
fig2,1,13,1e-08,4,cycles_per_t,8,2216112,8,10,True,2,16,157.0,31.4
fig2,1,13,1e-08,4,cycles_per_t,9,2216113,8,10,True,2,16,176.0,35.2
fig2,1,13,1e-08,4,cycles_per_t,0,2218117,9,10,True,2,18,135.5,27.1
fig2,1,13,1e-08,4,cycles_per_t,1,2218118,9,10,True,2,18,139.5,27.9
fig2,1,13,1e-08,4,cycles_per_t,2,2218119,9,10,True,2,18,134.0,26.8
fig2,1,13,1e-08,4,cycles_per_t,3,2218120,9,10,True,2,18,147.5,29.5
fig2,1,13,1e-08,4,cycles_per_t,4,2218121,9,10,True,2,18,147.5,29.5
fig2,1,13,1e-08,4,cycles_per_t,5,2218122,9,10,True,2,18,138.0,27.6
fig2,1,13,1e-08,4,cycles_per_t,6,2218123,9,10,True,2,18,154.0,30.8
fig2,1,13,1e-08,4,cycles_per_t,7,2218124,9,10,True,2,18,147.0,29.4
fig2,1,13,1e-08,4,cycles_per_t,8,2218125,9,10,True,2,18,152.5,30.5
fig2,1,13,1e-08,4,cycles_per_t,9,2218126,9,10,True,2,18,130.0,26.0
fig2,1,13,1e-08,4,cycles_per_t,0,2220130,10,10,True,2,20,134.0,26.8
fig2,1,13,1e-08,4,cycles_per_t,1,2220131,10,10,True,2,20,154.0,30.8
fig2,1,13,1e-08,4,cycles_per_t,2,2220132,10,10,True,2,20,155.0,31.0
fig2,1,13,1e-08,4,cycles_per_t,3,2220133,10,10,True,2,20,163.5,32.7
fig2,1,13,1e-08,4,cycles_per_t,4,2220134,10,10,True,2,20,151.5,30.3
fig2,1,13,1e-08,4,cycles_per_t,5,2220135,10,10,True,2,20,130.0,26.0
fig2,1,13,1e-08,4,cycles_per_t,6,2220136,10,10,True,2,20,152.0,30.4
fig2,1,13,1e-08,4,cycles_per_t,7,2220137,10,10,True,2,20,157.5,31.5
fig2,1,13,1e-08,4,cycles_per_t,8,2220138,10,10,True,2,20,159.5,31.9
fig2,1,13,1e-08,4,cycles_per_t,9,2220139,10,10,True,2,20,152.5,30.5
fig2,1,13,1e-08,4,cycles_per_t,0,2404013,1,10,True,4,4,86.5,34.6
fig2,1,13,1e-08,4,cycles_per_t,1,2404014,1,10,True,4,4,73.5,29.4
fig2,1,13,1e-08,4,cycles_per_t,2,2404015,1,10,True,4,4,85.0,34.0
fig2,1,13,1e-08,4,cycles_per_t,3,2404016,1,10,True,4,4,69.0,27.6
fig2,1,13,1e-08,4,cycles_per_t,4,2404017,1,10,True,4,4,74.5,29.8
fig2,1,13,1e-08,4,cycles_per_t,5,2404018,1,10,True,4,4,71.5,28.6
fig2,1,13,1e-08,4,cycles_per_t,6,2404019,1,10,True,4,4,85.5,34.2
fig2,1,13,1e-08,4,cycles_per_t,7,2404020,1,10,True,4,4,74.0,29.6
fig2,1,13,1e-08,4,cycles_per_t,8,2404021,1,10,True,4,4,73.0,29.2
fig2,1,13,1e-08,4,cycles_per_t,9,2404022,1,10,True,4,4,84.5,33.8
fig2,1,13,1e-08,4,cycles_per_t,0,2408026,2,10,True,4,8,96.5,38.6
fig2,1,13,1e-08,4,cycles_per_t,1,2408027,2,10,True,4,8,79.5,31.8
fig2,1,13,1e-08,4,cycles_per_t,2,2408028,2,10,True,4,8,93.0,37.2
fig2,1,13,1e-08,4,cycles_per_t,3,2408029,2,10,True,4,8,93.5,37.4
fig2,1,13,1e-08,4,cycles_per_t,4,2408030,2,10,True,4,8,73.5,29.4
fig2,1,13,1e-08,4,cycles_per_t,5,2408031,2,10,True,4,8,95.5,38.2
fig2,1,13,1e-08,4,cycles_per_t,6,2408032,2,10,True,4,8,95.5,38.2
fig2,1,13,1e-08,4,cycles_per_t,7,2408033,2,10,True,4,8,94.0,37.6
fig2,1,13,1e-08,4,cycles_per_t,8,2408034,2,10,True,4,8,100.0,40.0
fig2,1,13,1e-08,4,cycles_per_t,9,2408035,2,10,True,4,8,74.0,29.6
fig2,1,13,1e-08,4,cycles_per_t,0,2412039,3,10,True,4,12,96.5,38.6
fig2,1,13,1e-08,4,cycles_per_t,1,2412040,3,10,True,4,12,101.5,40.6
fig2,1,13,1e-08,4,cycles_per_t,2,2412041,3,10,True,4,12,88.5,35.4
fig2,1,13,1e-08,4,cycles_per_t,3,2412042,3,10,True,4,12,84.5,33.8
fig2,1,13,1e-08,4,cycles_per_t,4,2412043,3,10,True,4,12,103.5,41.4
fig2,1,13,1e-08,4,cycles_per_t,5,2412044,3,10,True,4,12,89.0,35.6
fig2,1,13,1e-08,4,cycles_per_t,6,2412045,3,10,True,4,12,101.0,40.4
fig2,1,13,1e-08,4,cycles_per_t,7,2412046,3,10,True,4,12,103.5,41.4
fig2,1,13,1e-08,4,cycles_per_t,8,2412047,3,10,True,4,12,87.0,34.8
fig2,1,13,1e-08,4,cycles_per_t,9,2412048,3,10,True,4,12,101.0,40.4
fig2,1,13,1e-08,4,cycles_per_t,0,2416052,4,10,True,4,16,103.5,41.4
fig2,1,13,1e-08,4,cycles_per_t,1,2416053,4,10,True,4,16,91.5,36.6
fig2,1,13,1e-08,4,cycles_per_t,2,2416054,4,10,True,4,16,108.5,43.4
fig2,1,13,1e-08,4,cycles_per_t,3,2416055,4,10,True,4,16,107.0,42.8
fig2,1,13,1e-08,4,cycles_per_t,4,2416056,4,10,True,4,16,95.5,38.2
fig2,1,13,1e-08,4,cycles_per_t,5,2416057,4,10,True,4,16,92.0,36.8
fig2,1,13,1e-08,4,cycles_per_t,6,2416058,4,10,True,4,16,91.0,36.4
fig2,1,13,1e-08,4,cycles_per_t,7,2416059,4,10,True,4,16,92.5,37.0
fig2,1,13,1e-08,4,cycles_per_t,8,2416060,4,10,True,4,16,91.0,36.4
fig2,1,13,1e-08,4,cycles_per_t,9,2416061,4,10,True,4,16,105.0,42.0
fig2,1,13,1e-08,4,cycles_per_t,0,2420065,5,10,True,4,20,103.0,41.2
fig2,1,13,1e-08,4,cycles_per_t,1,2420066,5,10,True,4,20,96.0,38.4
fig2,1,13,1e-08,4,cycles_per_t,2,2420067,5,10,True,4,20,89.0,35.6
fig2,1,13,1e-08,4,cycles_per_t,3,2420068,5,10,True,4,20,100.0,40.0
fig2,1,13,1e-08,4,cycles_per_t,4,2420069,5,10,True,4,20,93.0,37.2
fig2,1,13,1e-08,4,cycles_per_t,5,2420070,5,10,True,4,20,112.0,44.8
fig2,1,13,1e-08,4,cycles_per_t,6,2420071,5,10,True,4,20,113.0,45.2
fig2,1,13,1e-08,4,cycles_per_t,7,2420072,5,10,True,4,20,109.5,43.8
fig2,1,13,1e-08,4,cycles_per_t,8,2420073,5,10,True,4,20,92.5,37.0
fig2,1,13,1e-08,4,cycles_per_t,9,2420074,5,10,True,4,20,97.0,38.8
fig2,1,13,1e-08,4,cycles_per_t,0,2424078,6,10,True,4,24,112.5,45.0
fig2,1,13,1e-08,4,cycles_per_t,1,2424079,6,10,True,4,24,103.0,41.2
fig2,1,13,1e-08,4,cycles_per_t,2,2424080,6,10,True,4,24,118.0,47.2
fig2,1,13,1e-08,4,cycles_per_t,3,2424081,6,10,True,4,24,116.0,46.4
fig2,1,13,1e-08,4,cycles_per_t,4,2424082,6,10,True,4,24,100.0,40.0
fig2,1,13,1e-08,4,cycles_per_t,5,2424083,6,10,True,4,24,112.0,44.8
fig2,1,13,1e-08,4,cycles_per_t,6,2424084,6,10,True,4,24,98.5,39.4
fig2,1,13,1e-08,4,cycles_per_t,7,2424085,6,10,True,4,24,95.5,38.2
fig2,1,13,1e-08,4,cycles_per_t,8,2424086,6,10,True,4,24,118.5,47.4
fig2,1,13,1e-08,4,cycles_per_t,9,2424087,6,10,True,4,24,116.5,46.6
fig2,1,13,1e-08,4,cycles_per_t,0,2428091,7,10,True,4,28,117.5,47.0
fig2,1,13,1e-08,4,cycles_per_t,1,2428092,7,10,True,4,28,95.0,38.0
fig2,1,13,1e-08,4,cycles_per_t,2,2428093,7,10,True,4,28,95.0,38.0
fig2,1,13,1e-08,4,cycles_per_t,3,2428094,7,10,True,4,28,103.0,41.2
fig2,1,13,1e-08,4,cycles_per_t,4,2428095,7,10,True,4,28,112.5,45.0
fig2,1,13,1e-08,4,cycles_per_t,5,2428096,7,10,True,4,28,104.5,41.8
fig2,1,13,1e-08,4,cycles_per_t,6,2428097,7,10,True,4,28,97.0,38.8
fig2,1,13,1e-08,4,cycles_per_t,7,2428098,7,10,True,4,28,93.5,37.4
fig2,1,13,1e-08,4,cycles_per_t,8,2428099,7,10,True,4,28,96.0,38.4
fig2,1,13,1e-08,4,cycles_per_t,9,2428100,7,10,True,4,28,120.0,48.0
fig2,1,13,1e-08,4,cycles_per_t,0,2432104,8,10,True,4,32,100.0,40.0
fig2,1,13,1e-08,4,cycles_per_t,1,2432105,8,10,True,4,32,98.5,39.4
fig2,1,13,1e-08,4,cycles_per_t,2,2432106,8,10,True,4,32,96.0,38.4
fig2,1,13,1e-08,4,cycles_per_t,3,2432107,8,10,True,4,32,100.5,40.2
fig2,1,13,1e-08,4,cycles_per_t,4,2432108,8,10,True,4,32,122.5,49.0
fig2,1,13,1e-08,4,cycles_per_t,5,2432109,8,10,True,4,32,104.0,41.6
fig2,1,13,1e-08,4,cycles_per_t,6,2432110,8,10,True,4,32,109.5,43.8
fig2,1,13,1e-08,4,cycles_per_t,7,2432111,8,10,True,4,32,95.5,38.2
fig2,1,13,1e-08,4,cycles_per_t,8,2432112,8,10,True,4,32,99.5,39.8
fig2,1,13,1e-08,4,cycles_per_t,9,2432113,8,10,True,4,32,106.5,42.6
fig2,1,13,1e-08,4,cycles_per_t,0,2436117,9,10,True,4,36,98.5,39.4
fig2,1,13,1e-08,4,cycles_per_t,1,2436118,9,10,True,4,36,123.5,49.4
fig2,1,13,1e-08,4,cycles_per_t,2,2436119,9,10,True,4,36,106.0,42.4
fig2,1,13,1e-08,4,cycles_per_t,3,2436120,9,10,True,4,36,125.0,50.0
fig2,1,13,1e-08,4,cycles_per_t,4,2436121,9,10,True,4,36,98.0,39.2
fig2,1,13,1e-08,4,cycles_per_t,5,2436122,9,10,True,4,36,104.0,41.6
fig2,1,13,1e-08,4,cycles_per_t,6,2436123,9,10,True,4,36,104.0,41.6
fig2,1,13,1e-08,4,cycles_per_t,7,2436124,9,10,True,4,36,122.5,49.0
fig2,1,13,1e-08,4,cycles_per_t,8,2436125,9,10,True,4,36,123.5,49.4
fig2,1,13,1e-08,4,cycles_per_t,9,2436126,9,10,True,4,36,106.5,42.6
fig2,1,13,1e-08,4,cycles_per_t,0,2440130,10,10,True,4,40,102.0,40.8
fig2,1,13,1e-08,4,cycles_per_t,1,2440131,10,10,True,4,40,96.5,38.6
fig2,1,13,1e-08,4,cycles_per_t,2,2440132,10,10,True,4,40,123.5,49.4
fig2,1,13,1e-08,4,cycles_per_t,3,2440133,10,10,True,4,40,125.5,50.2
fig2,1,13,1e-08,4,cycles_per_t,4,2440134,10,10,True,4,40,110.0,44.0
fig2,1,13,1e-08,4,cycles_per_t,5,2440135,10,10,True,4,40,100.5,40.2
fig2,1,13,1e-08,4,cycles_per_t,6,2440136,10,10,True,4,40,105.0,42.0
fig2,1,13,1e-08,4,cycles_per_t,7,2440137,10,10,True,4,40,102.5,41.0
fig2,1,13,1e-08,4,cycles_per_t,8,2440138,10,10,True,4,40,99.5,39.8
fig2,1,13,1e-08,4,cycles_per_t,9,2440139,10,10,True,4,40,126.5,50.6
fig2,1,13,1e-08,4,cycles_per_t,0,2808013,1,10,True,8,8,61.0,48.8
fig2,1,13,1e-08,4,cycles_per_t,1,2808014,1,10,True,8,8,63.5,50.8
fig2,1,13,1e-08,4,cycles_per_t,2,2808015,1,10,True,8,8,61.0,48.8
fig2,1,13,1e-08,4,cycles_per_t,3,2808016,1,10,True,8,8,61.5,49.2
fig2,1,13,1e-08,4,cycles_per_t,4,2808017,1,10,True,8,8,59.5,47.6
fig2,1,13,1e-08,4,cycles_per_t,5,2808018,1,10,True,8,8,61.0,48.8
fig2,1,13,1e-08,4,cycles_per_t,6,2808019,1,10,True,8,8,60.5,48.4
fig2,1,13,1e-08,4,cycles_per_t,7,2808020,1,10,True,8,8,60.5,48.4
fig2,1,13,1e-08,4,cycles_per_t,8,2808021,1,10,True,8,8,61.0,48.8
fig2,1,13,1e-08,4,cycles_per_t,9,2808022,1,10,True,8,8,59.5,47.6
fig2,1,13,1e-08,4,cycles_per_t,0,2816026,2,10,True,8,16,66.5,53.2
fig2,1,13,1e-08,4,cycles_per_t,1,2816027,2,10,True,8,16,63.5,50.8
fig2,1,13,1e-08,4,cycles_per_t,2,2816028,2,10,True,8,16,65.5,52.4
fig2,1,13,1e-08,4,cycles_per_t,3,2816029,2,10,True,8,16,67.0,53.6
fig2,1,13,1e-08,4,cycles_per_t,4,2816030,2,10,True,8,16,67.5,54.0
fig2,1,13,1e-08,4,cycles_per_t,5,2816031,2,10,True,8,16,65.5,52.4
fig2,1,13,1e-08,4,cycles_per_t,6,2816032,2,10,True,8,16,68.5,54.8
fig2,1,13,1e-08,4,cycles_per_t,7,2816033,2,10,True,8,16,70.0,56.0
fig2,1,13,1e-08,4,cycles_per_t,8,2816034,2,10,True,8,16,64.5,51.6
fig2,1,13,1e-08,4,cycles_per_t,9,2816035,2,10,True,8,16,67.5,54.0
fig2,1,13,1e-08,4,cycles_per_t,0,2824039,3,10,True,8,24,83.0,66.4
fig2,1,13,1e-08,4,cycles_per_t,1,2824040,3,10,True,8,24,80.0,64.0
fig2,1,13,1e-08,4,cycles_per_t,2,2824041,3,10,True,8,24,80.0,64.0
fig2,1,13,1e-08,4,cycles_per_t,3,2824042,3,10,True,8,24,84.5,67.6
fig2,1,13,1e-08,4,cycles_per_t,4,2824043,3,10,True,8,24,78.0,62.4
fig2,1,13,1e-08,4,cycles_per_t,5,2824044,3,10,True,8,24,75.0,60.0
fig2,1,13,1e-08,4,cycles_per_t,6,2824045,3,10,True,8,24,81.5,65.2
fig2,1,13,1e-08,4,cycles_per_t,7,2824046,3,10,True,8,24,76.5,61.2
fig2,1,13,1e-08,4,cycles_per_t,8,2824047,3,10,True,8,24,76.5,61.2
fig2,1,13,1e-08,4,cycles_per_t,9,2824048,3,10,True,8,24,80.0,64.0
fig2,1,13,1e-08,4,cycles_per_t,0,2832052,4,10,True,8,32,92.0,73.6
fig2,1,13,1e-08,4,cycles_per_t,1,2832053,4,10,True,8,32,83.5,66.8
fig2,1,13,1e-08,4,cycles_per_t,2,2832054,4,10,True,8,32,87.5,70.0
fig2,1,13,1e-08,4,cycles_per_t,3,2832055,4,10,True,8,32,85.5,68.4
fig2,1,13,1e-08,4,cycles_per_t,4,2832056,4,10,True,8,32,81.5,65.2
fig2,1,13,1e-08,4,cycles_per_t,5,2832057,4,10,True,8,32,89.0,71.2
fig2,1,13,1e-08,4,cycles_per_t,6,2832058,4,10,True,8,32,88.5,70.8
fig2,1,13,1e-08,4,cycles_per_t,7,2832059,4,10,True,8,32,88.0,70.4
fig2,1,13,1e-08,4,cycles_per_t,8,2832060,4,10,True,8,32,88.5,70.8
fig2,1,13,1e-08,4,cycles_per_t,9,2832061,4,10,True,8,32,89.5,71.6
fig2,1,13,1e-08,4,cycles_per_t,0,2840065,5,10,True,8,40,98.5,78.8
fig2,1,13,1e-08,4,cycles_per_t,1,2840066,5,10,True,8,40,97.5,78.0
fig2,1,13,1e-08,4,cycles_per_t,2,2840067,5,10,True,8,40,88.5,70.8
fig2,1,13,1e-08,4,cycles_per_t,3,2840068,5,10,True,8,40,89.0,71.2
fig2,1,13,1e-08,4,cycles_per_t,4,2840069,5,10,True,8,40,94.5,75.6
fig2,1,13,1e-08,4,cycles_per_t,5,2840070,5,10,True,8,40,87.5,70.0
fig2,1,13,1e-08,4,cycles_per_t,6,2840071,5,10,True,8,40,94.0,75.2
fig2,1,13,1e-08,4,cycles_per_t,7,2840072,5,10,True,8,40,91.5,73.2
fig2,1,13,1e-08,4,cycles_per_t,8,2840073,5,10,True,8,40,96.0,76.8
fig2,1,13,1e-08,4,cycles_per_t,9,2840074,5,10,True,8,40,93.5,74.8
fig2,1,13,1e-08,4,cycles_per_t,0,2848078,6,10,True,8,48,93.5,74.8
fig2,1,13,1e-08,4,cycles_per_t,1,2848079,6,10,True,8,48,97.5,78.0
fig2,1,13,1e-08,4,cycles_per_t,2,2848080,6,10,True,8,48,93.5,74.8
fig2,1,13,1e-08,4,cycles_per_t,3,2848081,6,10,True,8,48,101.5,81.2
fig2,1,13,1e-08,4,cycles_per_t,4,2848082,6,10,True,8,48,99.5,79.6
fig2,1,13,1e-08,4,cycles_per_t,5,2848083,6,10,True,8,48,108.5,86.8
fig2,1,13,1e-08,4,cycles_per_t,6,2848084,6,10,True,8,48,92.0,73.6
fig2,1,13,1e-08,4,cycles_per_t,7,2848085,6,10,True,8,48,93.0,74.4
fig2,1,13,1e-08,4,cycles_per_t,8,2848086,6,10,True,8,48,93.0,74.4
fig2,1,13,1e-08,4,cycles_per_t,9,2848087,6,10,True,8,48,100.0,80.0
fig2,1,13,1e-08,4,cycles_per_t,0,2856091,7,10,True,8,56,106.0,84.8
fig2,1,13,1e-08,4,cycles_per_t,1,2856092,7,10,True,8,56,104.0,83.2
fig2,1,13,1e-08,4,cycles_per_t,2,2856093,7,10,True,8,56,105.0,84.0
fig2,1,13,1e-08,4,cycles_per_t,3,2856094,7,10,True,8,56,105.5,84.4
fig2,1,13,1e-08,4,cycles_per_t,4,2856095,7,10,True,8,56,106.0,84.8
fig2,1,13,1e-08,4,cycles_per_t,5,2856096,7,10,True,8,56,98.5,78.8
fig2,1,13,1e-08,4,cycles_per_t,6,2856097,7,10,True,8,56,100.0,80.0
fig2,1,13,1e-08,4,cycles_per_t,7,2856098,7,10,True,8,56,106.5,85.2
fig2,1,13,1e-08,4,cycles_per_t,8,2856099,7,10,True,8,56,101.5,81.2
fig2,1,13,1e-08,4,cycles_per_t,9,2856100,7,10,True,8,56,101.0,80.8
fig2,1,13,1e-08,4,cycles_per_t,0,2864104,8,10,True,8,64,102.5,82.0
fig2,1,13,1e-08,4,cycles_per_t,1,2864105,8,10,True,8,64,110.5,88.4
fig2,1,13,1e-08,4,cycles_per_t,2,2864106,8,10,True,8,64,105.5,84.4
fig2,1,13,1e-08,4,cycles_per_t,3,2864107,8,10,True,8,64,107.0,85.6
fig2,1,13,1e-08,4,cycles_per_t,4,2864108,8,10,True,8,64,104.0,83.2
fig2,1,13,1e-08,4,cycles_per_t,5,2864109,8,10,True,8,64,97.5,78.0
fig2,1,13,1e-08,4,cycles_per_t,6,2864110,8,10,True,8,64,111.5,89.2
fig2,1,13,1e-08,4,cycles_per_t,7,2864111,8,10,True,8,64,108.5,86.8
fig2,1,13,1e-08,4,cycles_per_t,8,2864112,8,10,True,8,64,99.5,79.6
fig2,1,13,1e-08,4,cycles_per_t,9,2864113,8,10,True,8,64,99.0,79.2
fig2,1,13,1e-08,4,cycles_per_t,0,2872117,9,10,True,8,72,98.0,78.4
fig2,1,13,1e-08,4,cycles_per_t,1,2872118,9,10,True,8,72,112.5,90.0
fig2,1,13,1e-08,4,cycles_per_t,2,2872119,9,10,True,8,72,98.0,78.4
fig2,1,13,1e-08,4,cycles_per_t,3,2872120,9,10,True,8,72,110.5,88.4
fig2,1,13,1e-08,4,cycles_per_t,4,2872121,9,10,True,8,72,110.5,88.4
fig2,1,13,1e-08,4,cycles_per_t,5,2872122,9,10,True,8,72,115.5,92.4
fig2,1,13,1e-08,4,cycles_per_t,6,2872123,9,10,True,8,72,113.5,90.8
fig2,1,13,1e-08,4,cycles_per_t,7,2872124,9,10,True,8,72,114.0,91.2
fig2,1,13,1e-08,4,cycles_per_t,8,2872125,9,10,True,8,72,110.0,88.0
fig2,1,13,1e-08,4,cycles_per_t,9,2872126,9,10,True,8,72,114.0,91.2
fig2,1,13,1e-08,4,cycles_per_t,0,2880130,10,10,True,8,80,114.5,91.6
fig2,1,13,1e-08,4,cycles_per_t,1,2880131,10,10,True,8,80,113.0,90.4
fig2,1,13,1e-08,4,cycles_per_t,2,2880132,10,10,True,8,80,109.5,87.6
fig2,1,13,1e-08,4,cycles_per_t,3,2880133,10,10,True,8,80,115.5,92.4
fig2,1,13,1e-08,4,cycles_per_t,4,2880134,10,10,True,8,80,116.0,92.8
fig2,1,13,1e-08,4,cycles_per_t,5,2880135,10,10,True,8,80,109.0,87.2
fig2,1,13,1e-08,4,cycles_per_t,6,2880136,10,10,True,8,80,109.5,87.6
fig2,1,13,1e-08,4,cycles_per_t,7,2880137,10,10,True,8,80,111.0,88.8
fig2,1,13,1e-08,4,cycles_per_t,8,2880138,10,10,True,8,80,120.0,96.0
fig2,1,13,1e-08,4,cycles_per_t,9,2880139,10,10,True,8,80,108.5,86.8
fig2,2,13,1e-10,4,cycles_per_t,0,4101013,1,10,True,1,1,399.5,39.95
fig2,2,13,1e-10,4,cycles_per_t,1,4101014,1,10,True,1,1,391.5,39.15
fig2,2,13,1e-10,4,cycles_per_t,2,4101015,1,10,True,1,1,690.5,69.05
fig2,2,13,1e-10,4,cycles_per_t,3,4101016,1,10,True,1,1,465.5,46.55
fig2,2,13,1e-10,4,cycles_per_t,4,4101017,1,10,True,1,1,353.5,35.35
fig2,2,13,1e-10,4,cycles_per_t,5,4101018,1,10,True,1,1,748.5,74.85
fig2,2,13,1e-10,4,cycles_per_t,6,4101019,1,10,True,1,1,392.5,39.25
fig2,2,13,1e-10,4,cycles_per_t,7,4101020,1,10,True,1,1,528.5,52.85
fig2,2,13,1e-10,4,cycles_per_t,8,4101021,1,10,True,1,1,433.5,43.35
fig2,2,13,1e-10,4,cycles_per_t,9,4101022,1,10,True,1,1,449.5,44.95
fig2,2,13,1e-10,4,cycles_per_t,0,4102026,2,10,True,1,2,581.5,58.15
fig2,2,13,1e-10,4,cycles_per_t,1,4102027,2,10,True,1,2,528.5,52.85
fig2,2,13,1e-10,4,cycles_per_t,2,4102028,2,10,True,1,2,483.0,48.3
fig2,2,13,1e-10,4,cycles_per_t,3,4102029,2,10,True,1,2,558.5,55.85
fig2,2,13,1e-10,4,cycles_per_t,4,4102030,2,10,True,1,2,471.5,47.15
fig2,2,13,1e-10,4,cycles_per_t,5,4102031,2,10,True,1,2,584.5,58.45
fig2,2,13,1e-10,4,cycles_per_t,6,4102032,2,10,True,1,2,575.5,57.55
fig2,2,13,1e-10,4,cycles_per_t,7,4102033,2,10,True,1,2,636.0,63.6
fig2,2,13,1e-10,4,cycles_per_t,8,4102034,2,10,True,1,2,512.0,51.2
fig2,2,13,1e-10,4,cycles_per_t,9,4102035,2,10,True,1,2,665.0,66.5
fig2,2,13,1e-10,4,cycles_per_t,0,4103039,3,10,True,1,3,451.0,45.1
fig2,2,13,1e-10,4,cycles_per_t,1,4103040,3,10,True,1,3,474.0,47.4
fig2,2,13,1e-10,4,cycles_per_t,2,4103041,3,10,True,1,3,608.0,60.8
fig2,2,13,1e-10,4,cycles_per_t,3,4103042,3,10,True,1,3,525.0,52.5
fig2,2,13,1e-10,4,cycles_per_t,4,4103043,3,10,True,1,3,484.5,48.45
fig2,2,13,1e-10,4,cycles_per_t,5,4103044,3,10,True,1,3,555.5,55.55
fig2,2,13,1e-10,4,cycles_per_t,6,4103045,3,10,True,1,3,496.0,49.6
fig2,2,13,1e-10,4,cycles_per_t,7,4103046,3,10,True,1,3,457.0,45.7
fig2,2,13,1e-10,4,cycles_per_t,8,4103047,3,10,True,1,3,433.5,43.35
fig2,2,13,1e-10,4,cycles_per_t,9,4103048,3,10,True,1,3,458.5,45.85
fig2,2,13,1e-10,4,cycles_per_t,0,4104052,4,10,True,1,4,523.0,52.3
fig2,2,13,1e-10,4,cycles_per_t,1,4104053,4,10,True,1,4,460.0,46.0
fig2,2,13,1e-10,4,cycles_per_t,2,4104054,4,10,True,1,4,531.5,53.15
fig2,2,13,1e-10,4,cycles_per_t,3,4104055,4,10,True,1,4,539.5,53.95
fig2,2,13,1e-10,4,cycles_per_t,4,4104056,4,10,True,1,4,470.0,47.0
fig2,2,13,1e-10,4,cycles_per_t,5,4104057,4,10,True,1,4,496.5,49.65
fig2,2,13,1e-10,4,cycles_per_t,6,4104058,4,10,True,1,4,497.5,49.75
fig2,2,13,1e-10,4,cycles_per_t,7,4104059,4,10,True,1,4,634.0,63.4
fig2,2,13,1e-10,4,cycles_per_t,8,4104060,4,10,True,1,4,502.5,50.25
fig2,2,13,1e-10,4,cycles_per_t,9,4104061,4,10,True,1,4,500.0,50.0
fig2,2,13,1e-10,4,cycles_per_t,0,4105065,5,10,True,1,5,528.0,52.8
fig2,2,13,1e-10,4,cycles_per_t,1,4105066,5,10,True,1,5,453.5,45.35
fig2,2,13,1e-10,4,cycles_per_t,2,4105067,5,10,True,1,5,547.5,54.75
fig2,2,13,1e-10,4,cycles_per_t,3,4105068,5,10,True,1,5,561.0,56.1
fig2,2,13,1e-10,4,cycles_per_t,4,4105069,5,10,True,1,5,510.0,51.0
fig2,2,13,1e-10,4,cycles_per_t,5,4105070,5,10,True,1,5,517.5,51.75
fig2,2,13,1e-10,4,cycles_per_t,6,4105071,5,10,True,1,5,469.5,46.95
fig2,2,13,1e-10,4,cycles_per_t,7,4105072,5,10,True,1,5,440.0,44.0
fig2,2,13,1e-10,4,cycles_per_t,8,4105073,5,10,True,1,5,502.0,50.2
fig2,2,13,1e-10,4,cycles_per_t,9,4105074,5,10,True,1,5,552.0,55.2
fig2,2,13,1e-10,4,cycles_per_t,0,4106078,6,10,True,1,6,406.5,40.65
fig2,2,13,1e-10,4,cycles_per_t,1,4106079,6,10,True,1,6,513.5,51.35
fig2,2,13,1e-10,4,cycles_per_t,2,4106080,6,10,True,1,6,531.5,53.15
fig2,2,13,1e-10,4,cycles_per_t,3,4106081,6,10,True,1,6,602.5,60.25
fig2,2,13,1e-10,4,cycles_per_t,4,4106082,6,10,True,1,6,504.0,50.4
fig2,2,13,1e-10,4,cycles_per_t,5,4106083,6,10,True,1,6,568.5,56.85
fig2,2,13,1e-10,4,cycles_per_t,6,4106084,6,10,True,1,6,526.5,52.65
fig2,2,13,1e-10,4,cycles_per_t,7,4106085,6,10,True,1,6,502.5,50.25
fig2,2,13,1e-10,4,cycles_per_t,8,4106086,6,10,True,1,6,512.0,51.2
fig2,2,13,1e-10,4,cycles_per_t,9,4106087,6,10,True,1,6,466.5,46.65
fig2,2,13,1e-10,4,cycles_per_t,0,4107091,7,10,True,1,7,528.5,52.85
fig2,2,13,1e-10,4,cycles_per_t,1,4107092,7,10,True,1,7,513.0,51.3
fig2,2,13,1e-10,4,cycles_per_t,2,4107093,7,10,True,1,7,585.0,58.5
fig2,2,13,1e-10,4,cycles_per_t,3,4107094,7,10,True,1,7,560.5,56.05
fig2,2,13,1e-10,4,cycles_per_t,4,4107095,7,10,True,1,7,466.0,46.6
fig2,2,13,1e-10,4,cycles_per_t,5,4107096,7,10,True,1,7,539.0,53.9
fig2,2,13,1e-10,4,cycles_per_t,6,4107097,7,10,True,1,7,574.0,57.4
fig2,2,13,1e-10,4,cycles_per_t,7,4107098,7,10,True,1,7,590.0,59.0
fig2,2,13,1e-10,4,cycles_per_t,8,4107099,7,10,True,1,7,537.5,53.75
fig2,2,13,1e-10,4,cycles_per_t,9,4107100,7,10,True,1,7,591.0,59.1
fig2,2,13,1e-10,4,cycles_per_t,0,4108104,8,10,True,1,8,464.0,46.4
fig2,2,13,1e-10,4,cycles_per_t,1,4108105,8,10,True,1,8,523.0,52.3
fig2,2,13,1e-10,4,cycles_per_t,2,4108106,8,10,True,1,8,655.0,65.5
fig2,2,13,1e-10,4,cycles_per_t,3,4108107,8,10,True,1,8,617.0,61.7
fig2,2,13,1e-10,4,cycles_per_t,4,4108108,8,10,True,1,8,561.0,56.1
fig2,2,13,1e-10,4,cycles_per_t,5,4108109,8,10,True,1,8,545.0,54.5
fig2,2,13,1e-10,4,cycles_per_t,6,4108110,8,10,True,1,8,598.5,59.85
fig2,2,13,1e-10,4,cycles_per_t,7,4108111,8,10,True,1,8,588.0,58.8
fig2,2,13,1e-10,4,cycles_per_t,8,4108112,8,10,True,1,8,557.5,55.75
fig2,2,13,1e-10,4,cycles_per_t,9,4108113,8,10,True,1,8,542.0,54.2
fig2,2,13,1e-10,4,cycles_per_t,0,4109117,9,10,True,1,9,553.0,55.3
fig2,2,13,1e-10,4,cycles_per_t,1,4109118,9,10,True,1,9,542.5,54.25
fig2,2,13,1e-10,4,cycles_per_t,2,4109119,9,10,True,1,9,523.0,52.3
fig2,2,13,1e-10,4,cycles_per_t,3,4109120,9,10,True,1,9,550.5,55.05
fig2,2,13,1e-10,4,cycles_per_t,4,4109121,9,10,True,1,9,503.0,50.3
fig2,2,13,1e-10,4,cycles_per_t,5,4109122,9,10,True,1,9,523.0,52.3
fig2,2,13,1e-10,4,cycles_per_t,6,4109123,9,10,True,1,9,500.0,50.0
fig2,2,13,1e-10,4,cycles_per_t,7,4109124,9,10,True,1,9,504.0,50.4
fig2,2,13,1e-10,4,cycles_per_t,8,4109125,9,10,True,1,9,656.0,65.6
fig2,2,13,1e-10,4,cycles_per_t,9,4109126,9,10,True,1,9,468.5,46.85
fig2,2,13,1e-10,4,cycles_per_t,0,4110130,10,10,True,1,10,557.5,55.75
fig2,2,13,1e-10,4,cycles_per_t,1,4110131,10,10,True,1,10,574.0,57.4
fig2,2,13,1e-10,4,cycles_per_t,2,4110132,10,10,True,1,10,616.0,61.6
fig2,2,13,1e-10,4,cycles_per_t,3,4110133,10,10,True,1,10,523.0,52.3
fig2,2,13,1e-10,4,cycles_per_t,4,4110134,10,10,True,1,10,533.5,53.35
fig2,2,13,1e-10,4,cycles_per_t,5,4110135,10,10,True,1,10,559.0,55.9
fig2,2,13,1e-10,4,cycles_per_t,6,4110136,10,10,True,1,10,560.0,56.0
fig2,2,13,1e-10,4,cycles_per_t,7,4110137,10,10,True,1,10,614.0,61.4
fig2,2,13,1e-10,4,cycles_per_t,8,4110138,10,10,True,1,10,551.0,55.1
fig2,2,13,1e-10,4,cycles_per_t,9,4110139,10,10,True,1,10,491.0,49.1
fig2,2,13,1e-10,4,cycles_per_t,0,4202013,1,10,True,2,2,282.5,56.5
fig2,2,13,1e-10,4,cycles_per_t,1,4202014,1,10,True,2,2,372.5,74.5
fig2,2,13,1e-10,4,cycles_per_t,2,4202015,1,10,True,2,2,211.5,42.3
fig2,2,13,1e-10,4,cycles_per_t,3,4202016,1,10,True,2,2,252.5,50.5
fig2,2,13,1e-10,4,cycles_per_t,4,4202017,1,10,True,2,2,261.5,52.3
fig2,2,13,1e-10,4,cycles_per_t,5,4202018,1,10,True,2,2,420.5,84.1
fig2,2,13,1e-10,4,cycles_per_t,6,4202019,1,10,True,2,2,256.5,51.3
fig2,2,13,1e-10,4,cycles_per_t,7,4202020,1,10,True,2,2,164.5,32.9
fig2,2,13,1e-10,4,cycles_per_t,8,4202021,1,10,True,2,2,285.5,57.1
fig2,2,13,1e-10,4,cycles_per_t,9,4202022,1,10,True,2,2,363.5,72.7
fig2,2,13,1e-10,4,cycles_per_t,0,4204026,2,10,True,2,4,325.5,65.1
fig2,2,13,1e-10,4,cycles_per_t,1,4204027,2,10,True,2,4,306.0,61.2
fig2,2,13,1e-10,4,cycles_per_t,2,4204028,2,10,True,2,4,254.5,50.9
fig2,2,13,1e-10,4,cycles_per_t,3,4204029,2,10,True,2,4,190.5,38.1
fig2,2,13,1e-10,4,cycles_per_t,4,4204030,2,10,True,2,4,220.5,44.1
fig2,2,13,1e-10,4,cycles_per_t,5,4204031,2,10,True,2,4,270.5,54.1
fig2,2,13,1e-10,4,cycles_per_t,6,4204032,2,10,True,2,4,275.5,55.1
fig2,2,13,1e-10,4,cycles_per_t,7,4204033,2,10,True,2,4,262.0,52.4
fig2,2,13,1e-10,4,cycles_per_t,8,4204034,2,10,True,2,4,244.5,48.9
fig2,2,13,1e-10,4,cycles_per_t,9,4204035,2,10,True,2,4,240.5,48.1
fig2,2,13,1e-10,4,cycles_per_t,0,4206039,3,10,True,2,6,239.5,47.9
fig2,2,13,1e-10,4,cycles_per_t,1,4206040,3,10,True,2,6,275.5,55.1
fig2,2,13,1e-10,4,cycles_per_t,2,4206041,3,10,True,2,6,314.0,62.8
fig2,2,13,1e-10,4,cycles_per_t,3,4206042,3,10,True,2,6,263.5,52.7
fig2,2,13,1e-10,4,cycles_per_t,4,4206043,3,10,True,2,6,285.0,57.0
fig2,2,13,1e-10,4,cycles_per_t,5,4206044,3,10,True,2,6,253.0,50.6
fig2,2,13,1e-10,4,cycles_per_t,6,4206045,3,10,True,2,6,281.5,56.3
fig2,2,13,1e-10,4,cycles_per_t,7,4206046,3,10,True,2,6,349.0,69.8
fig2,2,13,1e-10,4,cycles_per_t,8,4206047,3,10,True,2,6,270.5,54.1
fig2,2,13,1e-10,4,cycles_per_t,9,4206048,3,10,True,2,6,277.5,55.5
fig2,2,13,1e-10,4,cycles_per_t,0,4208052,4,10,True,2,8,295.0,59.0
fig2,2,13,1e-10,4,cycles_per_t,1,4208053,4,10,True,2,8,292.0,58.4
fig2,2,13,1e-10,4,cycles_per_t,2,4208054,4,10,True,2,8,297.0,59.4
fig2,2,13,1e-10,4,cycles_per_t,3,4208055,4,10,True,2,8,255.5,51.1
fig2,2,13,1e-10,4,cycles_per_t,4,4208056,4,10,True,2,8,215.0,43.0
fig2,2,13,1e-10,4,cycles_per_t,5,4208057,4,10,True,2,8,235.0,47.0
fig2,2,13,1e-10,4,cycles_per_t,6,4208058,4,10,True,2,8,297.5,59.5
fig2,2,13,1e-10,4,cycles_per_t,7,4208059,4,10,True,2,8,197.5,39.5
fig2,2,13,1e-10,4,cycles_per_t,8,4208060,4,10,True,2,8,276.5,55.3
fig2,2,13,1e-10,4,cycles_per_t,9,4208061,4,10,True,2,8,251.0,50.2
fig2,2,13,1e-10,4,cycles_per_t,0,4210065,5,10,True,2,10,308.0,61.6
fig2,2,13,1e-10,4,cycles_per_t,1,4210066,5,10,True,2,10,200.5,40.1
fig2,2,13,1e-10,4,cycles_per_t,2,4210067,5,10,True,2,10,265.0,53.0
fig2,2,13,1e-10,4,cycles_per_t,3,4210068,5,10,True,2,10,238.5,47.7
fig2,2,13,1e-10,4,cycles_per_t,4,4210069,5,10,True,2,10,225.5,45.1
fig2,2,13,1e-10,4,cycles_per_t,5,4210070,5,10,True,2,10,243.0,48.6
fig2,2,13,1e-10,4,cycles_per_t,6,4210071,5,10,True,2,10,252.0,50.4
fig2,2,13,1e-10,4,cycles_per_t,7,4210072,5,10,True,2,10,318.5,63.7
fig2,2,13,1e-10,4,cycles_per_t,8,4210073,5,10,True,2,10,265.5,53.1
fig2,2,13,1e-10,4,cycles_per_t,9,4210074,5,10,True,2,10,302.0,60.4
fig2,2,13,1e-10,4,cycles_per_t,0,4212078,6,10,True,2,12,283.5,56.7
fig2,2,13,1e-10,4,cycles_per_t,1,4212079,6,10,True,2,12,239.0,47.8
fig2,2,13,1e-10,4,cycles_per_t,2,4212080,6,10,True,2,12,288.0,57.6
fig2,2,13,1e-10,4,cycles_per_t,3,4212081,6,10,True,2,12,283.5,56.7
fig2,2,13,1e-10,4,cycles_per_t,4,4212082,6,10,True,2,12,251.0,50.2
fig2,2,13,1e-10,4,cycles_per_t,5,4212083,6,10,True,2,12,272.0,54.4
fig2,2,13,1e-10,4,cycles_per_t,6,4212084,6,10,True,2,12,321.0,64.2
fig2,2,13,1e-10,4,cycles_per_t,7,4212085,6,10,True,2,12,254.0,50.8
fig2,2,13,1e-10,4,cycles_per_t,8,4212086,6,10,True,2,12,275.5,55.1
fig2,2,13,1e-10,4,cycles_per_t,9,4212087,6,10,True,2,12,254.5,50.9
fig2,2,13,1e-10,4,cycles_per_t,0,4214091,7,10,True,2,14,277.0,55.4
fig2,2,13,1e-10,4,cycles_per_t,1,4214092,7,10,True,2,14,329.0,65.8
fig2,2,13,1e-10,4,cycles_per_t,2,4214093,7,10,True,2,14,288.0,57.6
fig2,2,13,1e-10,4,cycles_per_t,3,4214094,7,10,True,2,14,350.0,70.0
fig2,2,13,1e-10,4,cycles_per_t,4,4214095,7,10,True,2,14,332.5,66.5
fig2,2,13,1e-10,4,cycles_per_t,5,4214096,7,10,True,2,14,296.0,59.2
fig2,2,13,1e-10,4,cycles_per_t,6,4214097,7,10,True,2,14,274.5,54.9
fig2,2,13,1e-10,4,cycles_per_t,7,4214098,7,10,True,2,14,284.5,56.9
fig2,2,13,1e-10,4,cycles_per_t,8,4214099,7,10,True,2,14,304.0,60.8
fig2,2,13,1e-10,4,cycles_per_t,9,4214100,7,10,True,2,14,270.5,54.1
fig2,2,13,1e-10,4,cycles_per_t,0,4216104,8,10,True,2,16,280.0,56.0
fig2,2,13,1e-10,4,cycles_per_t,1,4216105,8,10,True,2,16,259.5,51.9
fig2,2,13,1e-10,4,cycles_per_t,2,4216106,8,10,True,2,16,328.5,65.7
fig2,2,13,1e-10,4,cycles_per_t,3,4216107,8,10,True,2,16,278.5,55.7
fig2,2,13,1e-10,4,cycles_per_t,4,4216108,8,10,True,2,16,302.5,60.5
fig2,2,13,1e-10,4,cycles_per_t,5,4216109,8,10,True,2,16,250.5,50.1
fig2,2,13,1e-10,4,cycles_per_t,6,4216110,8,10,True,2,16,297.0,59.4
fig2,2,13,1e-10,4,cycles_per_t,7,4216111,8,10,True,2,16,274.0,54.8
fig2,2,13,1e-10,4,cycles_per_t,8,4216112,8,10,True,2,16,286.5,57.3
fig2,2,13,1e-10,4,cycles_per_t,9,4216113,8,10,True,2,16,345.5,69.1
fig2,2,13,1e-10,4,cycles_per_t,0,4218117,9,10,True,2,18,307.0,61.4
fig2,2,13,1e-10,4,cycles_per_t,1,4218118,9,10,True,2,18,281.0,56.2
fig2,2,13,1e-10,4,cycles_per_t,2,4218119,9,10,True,2,18,299.5,59.9
fig2,2,13,1e-10,4,cycles_per_t,3,4218120,9,10,True,2,18,300.0,60.0
fig2,2,13,1e-10,4,cycles_per_t,4,4218121,9,10,True,2,18,280.0,56.0
fig2,2,13,1e-10,4,cycles_per_t,5,4218122,9,10,True,2,18,349.5,69.9
fig2,2,13,1e-10,4,cycles_per_t,6,4218123,9,10,True,2,18,281.0,56.2
fig2,2,13,1e-10,4,cycles_per_t,7,4218124,9,10,True,2,18,271.0,54.2
fig2,2,13,1e-10,4,cycles_per_t,8,4218125,9,10,True,2,18,277.0,55.4
fig2,2,13,1e-10,4,cycles_per_t,9,4218126,9,10,True,2,18,272.5,54.5
fig2,2,13,1e-10,4,cycles_per_t,0,4220130,10,10,True,2,20,252.5,50.5
fig2,2,13,1e-10,4,cycles_per_t,1,4220131,10,10,True,2,20,266.0,53.2
fig2,2,13,1e-10,4,cycles_per_t,2,4220132,10,10,True,2,20,254.5,50.9
fig2,2,13,1e-10,4,cycles_per_t,3,4220133,10,10,True,2,20,294.5,58.9
fig2,2,13,1e-10,4,cycles_per_t,4,4220134,10,10,True,2,20,292.0,58.4
fig2,2,13,1e-10,4,cycles_per_t,5,4220135,10,10,True,2,20,310.5,62.1
fig2,2,13,1e-10,4,cycles_per_t,6,4220136,10,10,True,2,20,287.0,57.4
fig2,2,13,1e-10,4,cycles_per_t,7,4220137,10,10,True,2,20,321.5,64.3
fig2,2,13,1e-10,4,cycles_per_t,8,4220138,10,10,True,2,20,262.5,52.5
fig2,2,13,1e-10,4,cycles_per_t,9,4220139,10,10,True,2,20,262.0,52.4
fig2,2,13,1e-10,4,cycles_per_t,0,4404013,1,10,True,4,4,172.0,68.8
fig2,2,13,1e-10,4,cycles_per_t,1,4404014,1,10,True,4,4,129.0,51.6
fig2,2,13,1e-10,4,cycles_per_t,2,4404015,1,10,True,4,4,158.5,63.4
fig2,2,13,1e-10,4,cycles_per_t,3,4404016,1,10,True,4,4,133.5,53.4
fig2,2,13,1e-10,4,cycles_per_t,4,4404017,1,10,True,4,4,117.0,46.8
fig2,2,13,1e-10,4,cycles_per_t,5,4404018,1,10,True,4,4,163.0,65.2
fig2,2,13,1e-10,4,cycles_per_t,6,4404019,1,10,True,4,4,133.0,53.2
fig2,2,13,1e-10,4,cycles_per_t,7,4404020,1,10,True,4,4,174.0,69.6
fig2,2,13,1e-10,4,cycles_per_t,8,4404021,1,10,True,4,4,132.5,53.0
fig2,2,13,1e-10,4,cycles_per_t,9,4404022,1,10,True,4,4,123.5,49.4
fig2,2,13,1e-10,4,cycles_per_t,0,4408026,2,10,True,4,8,155.5,62.2
fig2,2,13,1e-10,4,cycles_per_t,1,4408027,2,10,True,4,8,189.5,75.8
fig2,2,13,1e-10,4,cycles_per_t,2,4408028,2,10,True,4,8,155.0,62.0
fig2,2,13,1e-10,4,cycles_per_t,3,4408029,2,10,True,4,8,162.5,65.0
fig2,2,13,1e-10,4,cycles_per_t,4,4408030,2,10,True,4,8,180.0,72.0
fig2,2,13,1e-10,4,cycles_per_t,5,4408031,2,10,True,4,8,164.0,65.6
fig2,2,13,1e-10,4,cycles_per_t,6,4408032,2,10,True,4,8,115.0,46.0
fig2,2,13,1e-10,4,cycles_per_t,7,4408033,2,10,True,4,8,161.5,64.6
fig2,2,13,1e-10,4,cycles_per_t,8,4408034,2,10,True,4,8,175.5,70.2
fig2,2,13,1e-10,4,cycles_per_t,9,4408035,2,10,True,4,8,157.0,62.8
fig2,2,13,1e-10,4,cycles_per_t,0,4412039,3,10,True,4,12,155.5,62.2
fig2,2,13,1e-10,4,cycles_per_t,1,4412040,3,10,True,4,12,159.5,63.8
fig2,2,13,1e-10,4,cycles_per_t,2,4412041,3,10,True,4,12,170.0,68.0
fig2,2,13,1e-10,4,cycles_per_t,3,4412042,3,10,True,4,12,191.0,76.4
fig2,2,13,1e-10,4,cycles_per_t,4,4412043,3,10,True,4,12,151.0,60.4
fig2,2,13,1e-10,4,cycles_per_t,5,4412044,3,10,True,4,12,155.5,62.2
fig2,2,13,1e-10,4,cycles_per_t,6,4412045,3,10,True,4,12,136.5,54.6
fig2,2,13,1e-10,4,cycles_per_t,7,4412046,3,10,True,4,12,167.5,67.0
fig2,2,13,1e-10,4,cycles_per_t,8,4412047,3,10,True,4,12,209.0,83.6
fig2,2,13,1e-10,4,cycles_per_t,9,4412048,3,10,True,4,12,150.0,60.0
fig2,2,13,1e-10,4,cycles_per_t,0,4416052,4,10,True,4,16,152.0,60.8
fig2,2,13,1e-10,4,cycles_per_t,1,4416053,4,10,True,4,16,167.0,66.8
fig2,2,13,1e-10,4,cycles_per_t,2,4416054,4,10,True,4,16,160.5,64.2
fig2,2,13,1e-10,4,cycles_per_t,3,4416055,4,10,True,4,16,158.5,63.4
fig2,2,13,1e-10,4,cycles_per_t,4,4416056,4,10,True,4,16,160.5,64.2
fig2,2,13,1e-10,4,cycles_per_t,5,4416057,4,10,True,4,16,179.0,71.6
fig2,2,13,1e-10,4,cycles_per_t,6,4416058,4,10,True,4,16,148.5,59.4
fig2,2,13,1e-10,4,cycles_per_t,7,4416059,4,10,True,4,16,160.0,64.0
fig2,2,13,1e-10,4,cycles_per_t,8,4416060,4,10,True,4,16,143.0,57.2
fig2,2,13,1e-10,4,cycles_per_t,9,4416061,4,10,True,4,16,141.5,56.6
fig2,2,13,1e-10,4,cycles_per_t,0,4420065,5,10,True,4,20,203.5,81.4
fig2,2,13,1e-10,4,cycles_per_t,1,4420066,5,10,True,4,20,159.5,63.8
fig2,2,13,1e-10,4,cycles_per_t,2,4420067,5,10,True,4,20,202.0,80.8
fig2,2,13,1e-10,4,cycles_per_t,3,4420068,5,10,True,4,20,168.0,67.2
fig2,2,13,1e-10,4,cycles_per_t,4,4420069,5,10,True,4,20,183.5,73.4
fig2,2,13,1e-10,4,cycles_per_t,5,4420070,5,10,True,4,20,169.5,67.8
fig2,2,13,1e-10,4,cycles_per_t,6,4420071,5,10,True,4,20,176.5,70.6
fig2,2,13,1e-10,4,cycles_per_t,7,4420072,5,10,True,4,20,187.5,75.0
fig2,2,13,1e-10,4,cycles_per_t,8,4420073,5,10,True,4,20,149.5,59.8
fig2,2,13,1e-10,4,cycles_per_t,9,4420074,5,10,True,4,20,190.5,76.2
fig2,2,13,1e-10,4,cycles_per_t,0,4424078,6,10,True,4,24,173.0,69.2
fig2,2,13,1e-10,4,cycles_per_t,1,4424079,6,10,True,4,24,194.5,77.8
fig2,2,13,1e-10,4,cycles_per_t,2,4424080,6,10,True,4,24,195.0,78.0
fig2,2,13,1e-10,4,cycles_per_t,3,4424081,6,10,True,4,24,155.0,62.0
fig2,2,13,1e-10,4,cycles_per_t,4,4424082,6,10,True,4,24,184.0,73.6
fig2,2,13,1e-10,4,cycles_per_t,5,4424083,6,10,True,4,24,170.5,68.2
fig2,2,13,1e-10,4,cycles_per_t,6,4424084,6,10,True,4,24,182.0,72.8
fig2,2,13,1e-10,4,cycles_per_t,7,4424085,6,10,True,4,24,218.0,87.2
fig2,2,13,1e-10,4,cycles_per_t,8,4424086,6,10,True,4,24,188.5,75.4
fig2,2,13,1e-10,4,cycles_per_t,9,4424087,6,10,True,4,24,177.5,71.0
fig2,2,13,1e-10,4,cycles_per_t,0,4428091,7,10,True,4,28,177.5,71.0
fig2,2,13,1e-10,4,cycles_per_t,1,4428092,7,10,True,4,28,162.5,65.0
fig2,2,13,1e-10,4,cycles_per_t,2,4428093,7,10,True,4,28,182.0,72.8
fig2,2,13,1e-10,4,cycles_per_t,3,4428094,7,10,True,4,28,221.0,88.4
fig2,2,13,1e-10,4,cycles_per_t,4,4428095,7,10,True,4,28,189.0,75.6
fig2,2,13,1e-10,4,cycles_per_t,5,4428096,7,10,True,4,28,210.5,84.2
fig2,2,13,1e-10,4,cycles_per_t,6,4428097,7,10,True,4,28,182.5,73.0
fig2,2,13,1e-10,4,cycles_per_t,7,4428098,7,10,True,4,28,208.5,83.4
fig2,2,13,1e-10,4,cycles_per_t,8,4428099,7,10,True,4,28,184.5,73.8
fig2,2,13,1e-10,4,cycles_per_t,9,4428100,7,10,True,4,28,181.0,72.4
fig2,2,13,1e-10,4,cycles_per_t,0,4432104,8,10,True,4,32,190.5,76.2
fig2,2,13,1e-10,4,cycles_per_t,1,4432105,8,10,True,4,32,178.5,71.4
fig2,2,13,1e-10,4,cycles_per_t,2,4432106,8,10,True,4,32,201.0,80.4
fig2,2,13,1e-10,4,cycles_per_t,3,4432107,8,10,True,4,32,192.0,76.8
fig2,2,13,1e-10,4,cycles_per_t,4,4432108,8,10,True,4,32,188.5,75.4
fig2,2,13,1e-10,4,cycles_per_t,5,4432109,8,10,True,4,32,186.5,74.6
fig2,2,13,1e-10,4,cycles_per_t,6,4432110,8,10,True,4,32,193.5,77.4
fig2,2,13,1e-10,4,cycles_per_t,7,4432111,8,10,True,4,32,183.0,73.2
fig2,2,13,1e-10,4,cycles_per_t,8,4432112,8,10,True,4,32,181.5,72.6
fig2,2,13,1e-10,4,cycles_per_t,9,4432113,8,10,True,4,32,205.0,82.0
fig2,2,13,1e-10,4,cycles_per_t,0,4436117,9,10,True,4,36,192.0,76.8
fig2,2,13,1e-10,4,cycles_per_t,1,4436118,9,10,True,4,36,174.5,69.8
fig2,2,13,1e-10,4,cycles_per_t,2,4436119,9,10,True,4,36,217.0,86.8
fig2,2,13,1e-10,4,cycles_per_t,3,4436120,9,10,True,4,36,200.0,80.0
fig2,2,13,1e-10,4,cycles_per_t,4,4436121,9,10,True,4,36,223.5,89.4
fig2,2,13,1e-10,4,cycles_per_t,5,4436122,9,10,True,4,36,198.0,79.2
fig2,2,13,1e-10,4,cycles_per_t,6,4436123,9,10,True,4,36,211.5,84.6
fig2,2,13,1e-10,4,cycles_per_t,7,4436124,9,10,True,4,36,189.0,75.6
fig2,2,13,1e-10,4,cycles_per_t,8,4436125,9,10,True,4,36,173.5,69.4
fig2,2,13,1e-10,4,cycles_per_t,9,4436126,9,10,True,4,36,183.5,73.4
fig2,2,13,1e-10,4,cycles_per_t,0,4440130,10,10,True,4,40,206.0,82.4
fig2,2,13,1e-10,4,cycles_per_t,1,4440131,10,10,True,4,40,197.5,79.0
fig2,2,13,1e-10,4,cycles_per_t,2,4440132,10,10,True,4,40,159.0,63.6
fig2,2,13,1e-10,4,cycles_per_t,3,4440133,10,10,True,4,40,221.5,88.6
fig2,2,13,1e-10,4,cycles_per_t,4,4440134,10,10,True,4,40,203.5,81.4
fig2,2,13,1e-10,4,cycles_per_t,5,4440135,10,10,True,4,40,213.5,85.4
fig2,2,13,1e-10,4,cycles_per_t,6,4440136,10,10,True,4,40,187.0,74.8
fig2,2,13,1e-10,4,cycles_per_t,7,4440137,10,10,True,4,40,197.5,79.0
fig2,2,13,1e-10,4,cycles_per_t,8,4440138,10,10,True,4,40,194.5,77.8
fig2,2,13,1e-10,4,cycles_per_t,9,4440139,10,10,True,4,40,186.0,74.4
fig2,2,13,1e-10,4,cycles_per_t,0,4808013,1,10,True,8,8,64.0,51.2
fig2,2,13,1e-10,4,cycles_per_t,1,4808014,1,10,True,8,8,87.5,70.0
fig2,2,13,1e-10,4,cycles_per_t,2,4808015,1,10,True,8,8,106.5,85.2
fig2,2,13,1e-10,4,cycles_per_t,3,4808016,1,10,True,8,8,118.0,94.4
fig2,2,13,1e-10,4,cycles_per_t,4,4808017,1,10,True,8,8,89.0,71.2
fig2,2,13,1e-10,4,cycles_per_t,5,4808018,1,10,True,8,8,90.0,72.0
fig2,2,13,1e-10,4,cycles_per_t,6,4808019,1,10,True,8,8,121.0,96.8
fig2,2,13,1e-10,4,cycles_per_t,7,4808020,1,10,True,8,8,120.5,96.4
fig2,2,13,1e-10,4,cycles_per_t,8,4808021,1,10,True,8,8,76.0,60.8
fig2,2,13,1e-10,4,cycles_per_t,9,4808022,1,10,True,8,8,76.5,61.2
fig2,2,13,1e-10,4,cycles_per_t,0,4816026,2,10,True,8,16,102.5,82.0
fig2,2,13,1e-10,4,cycles_per_t,1,4816027,2,10,True,8,16,100.0,80.0
fig2,2,13,1e-10,4,cycles_per_t,2,4816028,2,10,True,8,16,102.0,81.6
fig2,2,13,1e-10,4,cycles_per_t,3,4816029,2,10,True,8,16,137.0,109.6
fig2,2,13,1e-10,4,cycles_per_t,4,4816030,2,10,True,8,16,122.5,98.0
fig2,2,13,1e-10,4,cycles_per_t,5,4816031,2,10,True,8,16,104.5,83.6
fig2,2,13,1e-10,4,cycles_per_t,6,4816032,2,10,True,8,16,107.5,86.0
fig2,2,13,1e-10,4,cycles_per_t,7,4816033,2,10,True,8,16,89.5,71.6
fig2,2,13,1e-10,4,cycles_per_t,8,4816034,2,10,True,8,16,107.0,85.6
fig2,2,13,1e-10,4,cycles_per_t,9,4816035,2,10,True,8,16,107.0,85.6
fig2,2,13,1e-10,4,cycles_per_t,0,4824039,3,10,True,8,24,115.0,92.0
fig2,2,13,1e-10,4,cycles_per_t,1,4824040,3,10,True,8,24,105.5,84.4
fig2,2,13,1e-10,4,cycles_per_t,2,4824041,3,10,True,8,24,135.5,108.4
fig2,2,13,1e-10,4,cycles_per_t,3,4824042,3,10,True,8,24,119.0,95.2
fig2,2,13,1e-10,4,cycles_per_t,4,4824043,3,10,True,8,24,98.0,78.4
fig2,2,13,1e-10,4,cycles_per_t,5,4824044,3,10,True,8,24,94.5,75.6
fig2,2,13,1e-10,4,cycles_per_t,6,4824045,3,10,True,8,24,113.0,90.4
fig2,2,13,1e-10,4,cycles_per_t,7,4824046,3,10,True,8,24,98.0,78.4
fig2,2,13,1e-10,4,cycles_per_t,8,4824047,3,10,True,8,24,116.0,92.8
fig2,2,13,1e-10,4,cycles_per_t,9,4824048,3,10,True,8,24,133.5,106.8
fig2,2,13,1e-10,4,cycles_per_t,0,4832052,4,10,True,8,32,131.0,104.8
fig2,2,13,1e-10,4,cycles_per_t,1,4832053,4,10,True,8,32,129.0,103.2
fig2,2,13,1e-10,4,cycles_per_t,2,4832054,4,10,True,8,32,105.5,84.4
fig2,2,13,1e-10,4,cycles_per_t,3,4832055,4,10,True,8,32,141.5,113.2
fig2,2,13,1e-10,4,cycles_per_t,4,4832056,4,10,True,8,32,143.5,114.8
fig2,2,13,1e-10,4,cycles_per_t,5,4832057,4,10,True,8,32,136.5,109.2
fig2,2,13,1e-10,4,cycles_per_t,6,4832058,4,10,True,8,32,123.0,98.4
fig2,2,13,1e-10,4,cycles_per_t,7,4832059,4,10,True,8,32,119.0,95.2
fig2,2,13,1e-10,4,cycles_per_t,8,4832060,4,10,True,8,32,126.5,101.2
fig2,2,13,1e-10,4,cycles_per_t,9,4832061,4,10,True,8,32,139.5,111.6
fig2,2,13,1e-10,4,cycles_per_t,0,4840065,5,10,True,8,40,133.5,106.8
fig2,2,13,1e-10,4,cycles_per_t,1,4840066,5,10,True,8,40,158.5,126.8
fig2,2,13,1e-10,4,cycles_per_t,2,4840067,5,10,True,8,40,119.0,95.2
fig2,2,13,1e-10,4,cycles_per_t,3,4840068,5,10,True,8,40,137.5,110.0
fig2,2,13,1e-10,4,cycles_per_t,4,4840069,5,10,True,8,40,122.5,98.0
fig2,2,13,1e-10,4,cycles_per_t,5,4840070,5,10,True,8,40,134.0,107.2
fig2,2,13,1e-10,4,cycles_per_t,6,4840071,5,10,True,8,40,134.5,107.6
fig2,2,13,1e-10,4,cycles_per_t,7,4840072,5,10,True,8,40,119.0,95.2
fig2,2,13,1e-10,4,cycles_per_t,8,4840073,5,10,True,8,40,141.5,113.2
fig2,2,13,1e-10,4,cycles_per_t,9,4840074,5,10,True,8,40,131.0,104.8
fig2,2,13,1e-10,4,cycles_per_t,0,4848078,6,10,True,8,48,147.0,117.6
fig2,2,13,1e-10,4,cycles_per_t,1,4848079,6,10,True,8,48,149.0,119.2
fig2,2,13,1e-10,4,cycles_per_t,2,4848080,6,10,True,8,48,119.5,95.6
fig2,2,13,1e-10,4,cycles_per_t,3,4848081,6,10,True,8,48,147.5,118.0
fig2,2,13,1e-10,4,cycles_per_t,4,4848082,6,10,True,8,48,152.0,121.6
fig2,2,13,1e-10,4,cycles_per_t,5,4848083,6,10,True,8,48,139.5,111.6
fig2,2,13,1e-10,4,cycles_per_t,6,4848084,6,10,True,8,48,126.5,101.2
fig2,2,13,1e-10,4,cycles_per_t,7,4848085,6,10,True,8,48,133.5,106.8
fig2,2,13,1e-10,4,cycles_per_t,8,4848086,6,10,True,8,48,150.5,120.4
fig2,2,13,1e-10,4,cycles_per_t,9,4848087,6,10,True,8,48,149.0,119.2
fig2,2,13,1e-10,4,cycles_per_t,0,4856091,7,10,True,8,56,145.5,116.4
fig2,2,13,1e-10,4,cycles_per_t,1,4856092,7,10,True,8,56,160.5,128.4
fig2,2,13,1e-10,4,cycles_per_t,2,4856093,7,10,True,8,56,153.5,122.8
fig2,2,13,1e-10,4,cycles_per_t,3,4856094,7,10,True,8,56,153.5,122.8
fig2,2,13,1e-10,4,cycles_per_t,4,4856095,7,10,True,8,56,159.5,127.6
fig2,2,13,1e-10,4,cycles_per_t,5,4856096,7,10,True,8,56,159.5,127.6
fig2,2,13,1e-10,4,cycles_per_t,6,4856097,7,10,True,8,56,131.5,105.2
fig2,2,13,1e-10,4,cycles_per_t,7,4856098,7,10,True,8,56,136.0,108.8
fig2,2,13,1e-10,4,cycles_per_t,8,4856099,7,10,True,8,56,157.5,126.0
fig2,2,13,1e-10,4,cycles_per_t,9,4856100,7,10,True,8,56,158.0,126.4
fig2,2,13,1e-10,4,cycles_per_t,0,4864104,8,10,True,8,64,166.0,132.8
fig2,2,13,1e-10,4,cycles_per_t,1,4864105,8,10,True,8,64,153.0,122.4
fig2,2,13,1e-10,4,cycles_per_t,2,4864106,8,10,True,8,64,169.5,135.6
fig2,2,13,1e-10,4,cycles_per_t,3,4864107,8,10,True,8,64,157.5,126.0
fig2,2,13,1e-10,4,cycles_per_t,4,4864108,8,10,True,8,64,154.5,123.6
fig2,2,13,1e-10,4,cycles_per_t,5,4864109,8,10,True,8,64,163.0,130.4
fig2,2,13,1e-10,4,cycles_per_t,6,4864110,8,10,True,8,64,164.0,131.2
fig2,2,13,1e-10,4,cycles_per_t,7,4864111,8,10,True,8,64,148.0,118.4
fig2,2,13,1e-10,4,cycles_per_t,8,4864112,8,10,True,8,64,164.0,131.2
fig2,2,13,1e-10,4,cycles_per_t,9,4864113,8,10,True,8,64,172.0,137.6
fig2,2,13,1e-10,4,cycles_per_t,0,4872117,9,10,True,8,72,142.0,113.6
fig2,2,13,1e-10,4,cycles_per_t,1,4872118,9,10,True,8,72,159.0,127.2
fig2,2,13,1e-10,4,cycles_per_t,2,4872119,9,10,True,8,72,152.5,122.0
fig2,2,13,1e-10,4,cycles_per_t,3,4872120,9,10,True,8,72,157.0,125.6
fig2,2,13,1e-10,4,cycles_per_t,4,4872121,9,10,True,8,72,180.5,144.4
fig2,2,13,1e-10,4,cycles_per_t,5,4872122,9,10,True,8,72,163.0,130.4
fig2,2,13,1e-10,4,cycles_per_t,6,4872123,9,10,True,8,72,171.5,137.2
fig2,2,13,1e-10,4,cycles_per_t,7,4872124,9,10,True,8,72,158.0,126.4
fig2,2,13,1e-10,4,cycles_per_t,8,4872125,9,10,True,8,72,160.0,128.0
fig2,2,13,1e-10,4,cycles_per_t,9,4872126,9,10,True,8,72,167.0,133.6
fig2,2,13,1e-10,4,cycles_per_t,0,4880130,10,10,True,8,80,174.5,139.6
fig2,2,13,1e-10,4,cycles_per_t,1,4880131,10,10,True,8,80,185.5,148.4
fig2,2,13,1e-10,4,cycles_per_t,2,4880132,10,10,True,8,80,187.5,150.0
fig2,2,13,1e-10,4,cycles_per_t,3,4880133,10,10,True,8,80,158.5,126.8
fig2,2,13,1e-10,4,cycles_per_t,4,4880134,10,10,True,8,80,167.5,134.0
fig2,2,13,1e-10,4,cycles_per_t,5,4880135,10,10,True,8,80,171.5,137.2
fig2,2,13,1e-10,4,cycles_per_t,6,4880136,10,10,True,8,80,178.0,142.4
fig2,2,13,1e-10,4,cycles_per_t,7,4880137,10,10,True,8,80,146.0,116.8
fig2,2,13,1e-10,4,cycles_per_t,8,4880138,10,10,True,8,80,186.5,149.2
fig2,2,13,1e-10,4,cycles_per_t,9,4880139,10,10,True,8,80,181.0,144.8
fig3,0,7,1e-08,2,cycles_per_t,0,10000,10,10,True,,10,443.5,44.35
fig3,0,7,1e-08,2,cycles_per_t,1,10001,10,10,True,,10,400.0,40.0
fig3,0,7,1e-08,2,cycles_per_t,2,10002,10,10,True,,10,453.5,45.35
fig3,0,7,1e-08,2,cycles_per_t,3,10003,10,10,True,,10,457.5,45.75
fig3,0,7,1e-08,2,cycles_per_t,4,10004,10,10,True,,10,330.5,33.05
fig3,0,7,1e-08,2,cycles_per_t,5,10005,10,10,True,,10,385.0,38.5
fig3,0,7,1e-08,2,cycles_per_t,6,10006,10,10,True,,10,451.5,45.15
fig3,0,7,1e-08,2,cycles_per_t,7,10007,10,10,True,,10,432.0,43.2
fig3,0,7,1e-08,2,cycles_per_t,8,10008,10,10,True,,10,382.0,38.2
fig3,0,7,1e-08,2,cycles_per_t,9,10009,10,10,True,,10,436.5,43.65
fig3,0,7,1e-08,2,cycles_per_t,0,9000,10,10,True,,9,527.0,47.43
fig3,0,7,1e-08,2,cycles_per_t,1,9001,10,10,True,,9,530.0,47.7
fig3,0,7,1e-08,2,cycles_per_t,2,9002,10,10,True,,9,520.0,46.8
fig3,0,7,1e-08,2,cycles_per_t,3,9003,10,10,True,,9,461.5,41.535
fig3,0,7,1e-08,2,cycles_per_t,4,9004,10,10,True,,9,428.5,38.565
fig3,0,7,1e-08,2,cycles_per_t,5,9005,10,10,True,,9,507.5,45.675
fig3,0,7,1e-08,2,cycles_per_t,6,9006,10,10,True,,9,475.5,42.795
fig3,0,7,1e-08,2,cycles_per_t,7,9007,10,10,True,,9,423.5,38.115
fig3,0,7,1e-08,2,cycles_per_t,8,9008,10,10,True,,9,465.0,41.85
fig3,0,7,1e-08,2,cycles_per_t,9,9009,10,10,True,,9,506.0,45.54
fig3,0,7,1e-08,2,cycles_per_t,0,8000,10,10,True,,8,521.5,41.72
fig3,0,7,1e-08,2,cycles_per_t,1,8001,10,10,True,,8,542.5,43.4
fig3,0,7,1e-08,2,cycles_per_t,2,8002,10,10,True,,8,512.0,40.96
fig3,0,7,1e-08,2,cycles_per_t,3,8003,10,10,True,,8,484.0,38.72
fig3,0,7,1e-08,2,cycles_per_t,4,8004,10,10,True,,8,533.0,42.64
fig3,0,7,1e-08,2,cycles_per_t,5,8005,10,10,True,,8,501.5,40.12
fig3,0,7,1e-08,2,cycles_per_t,6,8006,10,10,True,,8,532.0,42.56
fig3,0,7,1e-08,2,cycles_per_t,7,8007,10,10,True,,8,494.5,39.56
fig3,0,7,1e-08,2,cycles_per_t,8,8008,10,10,True,,8,486.5,38.92
fig3,0,7,1e-08,2,cycles_per_t,9,8009,10,10,True,,8,521.5,41.72
fig3,0,7,1e-08,2,cycles_per_t,0,7000,10,10,True,,7,629.0,44.03
fig3,0,7,1e-08,2,cycles_per_t,1,7001,10,10,True,,7,646.5,45.255
fig3,0,7,1e-08,2,cycles_per_t,2,7002,10,10,True,,7,502.0,35.14
fig3,0,7,1e-08,2,cycles_per_t,3,7003,10,10,True,,7,638.5,44.695
fig3,0,7,1e-08,2,cycles_per_t,4,7004,10,10,True,,7,552.0,38.64
fig3,0,7,1e-08,2,cycles_per_t,5,7005,10,10,True,,7,571.0,39.97
fig3,0,7,1e-08,2,cycles_per_t,6,7006,10,10,True,,7,625.5,43.785
fig3,0,7,1e-08,2,cycles_per_t,7,7007,10,10,True,,7,531.0,37.17
fig3,0,7,1e-08,2,cycles_per_t,8,7008,10,10,True,,7,567.0,39.69
fig3,0,7,1e-08,2,cycles_per_t,9,7009,10,10,True,,7,581.0,40.67
fig3,0,7,1e-08,2,cycles_per_t,0,6000,10,10,True,,6,689.0,41.34
fig3,0,7,1e-08,2,cycles_per_t,1,6001,10,10,True,,6,668.0,40.08
fig3,0,7,1e-08,2,cycles_per_t,2,6002,10,10,True,,6,632.5,37.95
fig3,0,7,1e-08,2,cycles_per_t,3,6003,10,10,True,,6,700.5,42.03
fig3,0,7,1e-08,2,cycles_per_t,4,6004,10,10,True,,6,772.0,46.32
fig3,0,7,1e-08,2,cycles_per_t,5,6005,10,10,True,,6,672.0,40.32
fig3,0,7,1e-08,2,cycles_per_t,6,6006,10,10,True,,6,640.0,38.4
fig3,0,7,1e-08,2,cycles_per_t,7,6007,10,10,True,,6,692.0,41.52
fig3,0,7,1e-08,2,cycles_per_t,8,6008,10,10,True,,6,744.5,44.67
fig3,0,7,1e-08,2,cycles_per_t,9,6009,10,10,True,,6,636.0,38.16
fig3,0,7,1e-08,2,cycles_per_t,0,5000,10,10,True,,5,774.0,38.7
fig3,0,7,1e-08,2,cycles_per_t,1,5001,10,10,True,,5,761.0,38.05
fig3,0,7,1e-08,2,cycles_per_t,2,5002,10,10,True,,5,879.0,43.95
fig3,0,7,1e-08,2,cycles_per_t,3,5003,10,10,True,,5,812.5,40.625
fig3,0,7,1e-08,2,cycles_per_t,4,5004,10,10,True,,5,747.5,37.375
fig3,0,7,1e-08,2,cycles_per_t,5,5005,10,10,True,,5,752.0,37.6
fig3,0,7,1e-08,2,cycles_per_t,6,5006,10,10,True,,5,861.0,43.05
fig3,0,7,1e-08,2,cycles_per_t,7,5007,10,10,True,,5,865.5,43.275
fig3,0,7,1e-08,2,cycles_per_t,8,5008,10,10,True,,5,834.0,41.7
fig3,0,7,1e-08,2,cycles_per_t,9,5009,10,10,True,,5,807.0,40.35
fig3,0,7,1e-08,2,cycles_per_t,0,4000,10,10,True,,4,1114.0,44.56
fig3,0,7,1e-08,2,cycles_per_t,1,4001,10,10,True,,4,1045.5,41.82
fig3,0,7,1e-08,2,cycles_per_t,2,4002,10,10,True,,4,946.5,37.86
fig3,0,7,1e-08,2,cycles_per_t,3,4003,10,10,True,,4,963.5,38.54
fig3,0,7,1e-08,2,cycles_per_t,4,4004,10,10,True,,4,975.5,39.02
fig3,0,7,1e-08,2,cycles_per_t,5,4005,10,10,True,,4,995.0,39.8
fig3,0,7,1e-08,2,cycles_per_t,6,4006,10,10,True,,4,987.0,39.48
fig3,0,7,1e-08,2,cycles_per_t,7,4007,10,10,True,,4,940.0,37.6
fig3,0,7,1e-08,2,cycles_per_t,8,4008,10,10,True,,4,1019.5,40.78
fig3,0,7,1e-08,2,cycles_per_t,9,4009,10,10,True,,4,1039.5,41.58
fig3,0,7,1e-08,2,cycles_per_t,0,3000,10,10,True,,3,1236.5,37.095
fig3,0,7,1e-08,2,cycles_per_t,1,3001,10,10,True,,3,1142.0,34.26
fig3,0,7,1e-08,2,cycles_per_t,2,3002,10,10,True,,3,1080.0,32.4
fig3,0,7,1e-08,2,cycles_per_t,3,3003,10,10,True,,3,1153.5,34.605
fig3,0,7,1e-08,2,cycles_per_t,4,3004,10,10,True,,3,1349.5,40.485
fig3,0,7,1e-08,2,cycles_per_t,5,3005,10,10,True,,3,1392.5,41.775
fig3,0,7,1e-08,2,cycles_per_t,6,3006,10,10,True,,3,1277.0,38.31
fig3,0,7,1e-08,2,cycles_per_t,7,3007,10,10,True,,3,1212.5,36.375
fig3,0,7,1e-08,2,cycles_per_t,8,3008,10,10,True,,3,1240.5,37.215
fig3,0,7,1e-08,2,cycles_per_t,9,3009,10,10,True,,3,1316.5,39.495
fig3,0,7,1e-08,2,cycles_per_t,0,2000,10,10,True,,2,1819.5,36.39
fig3,0,7,1e-08,2,cycles_per_t,1,2001,10,10,True,,2,1945.5,38.91
fig3,0,7,1e-08,2,cycles_per_t,2,2002,10,10,True,,2,1808.0,36.16
fig3,0,7,1e-08,2,cycles_per_t,3,2003,10,10,True,,2,1867.0,37.34
fig3,0,7,1e-08,2,cycles_per_t,4,2004,10,10,True,,2,1689.0,33.78
fig3,0,7,1e-08,2,cycles_per_t,5,2005,10,10,True,,2,1836.5,36.73
fig3,0,7,1e-08,2,cycles_per_t,6,2006,10,10,True,,2,1981.0,39.62
fig3,0,7,1e-08,2,cycles_per_t,7,2007,10,10,True,,2,1739.5,34.79
fig3,0,7,1e-08,2,cycles_per_t,8,2008,10,10,True,,2,1970.0,39.4
fig3,0,7,1e-08,2,cycles_per_t,9,2009,10,10,True,,2,1835.5,36.71
fig3,0,7,1e-08,2,cycles_per_t,0,1000,10,10,True,,1,3433.0,34.33
fig3,0,7,1e-08,2,cycles_per_t,1,1001,10,10,True,,1,3259.0,32.59
fig3,0,7,1e-08,2,cycles_per_t,2,1002,10,10,True,,1,3516.0,35.16
fig3,0,7,1e-08,2,cycles_per_t,3,1003,10,10,True,,1,3207.0,32.07
fig3,0,7,1e-08,2,cycles_per_t,4,1004,10,10,True,,1,3635.0,36.35
fig3,0,7,1e-08,2,cycles_per_t,5,1005,10,10,True,,1,3412.0,34.12
fig3,0,7,1e-08,2,cycles_per_t,6,1006,10,10,True,,1,3333.0,33.33
fig3,0,7,1e-08,2,cycles_per_t,7,1007,10,10,True,,1,3527.0,35.27
fig3,0,7,1e-08,2,cycles_per_t,8,1008,10,10,True,,1,3171.0,31.71
fig3,0,7,1e-08,2,cycles_per_t,9,1009,10,10,True,,1,3612.0,36.12
fig3,1,13,1e-08,4,cycles_per_t,0,3010000,10,10,True,,10,270.5,27.05
fig3,1,13,1e-08,4,cycles_per_t,1,3010001,10,10,True,,10,268.0,26.8
fig3,1,13,1e-08,4,cycles_per_t,2,3010002,10,10,True,,10,231.5,23.15
fig3,1,13,1e-08,4,cycles_per_t,3,3010003,10,10,True,,10,229.0,22.9
fig3,1,13,1e-08,4,cycles_per_t,4,3010004,10,10,True,,10,251.0,25.1
fig3,1,13,1e-08,4,cycles_per_t,5,3010005,10,10,True,,10,262.5,26.25
fig3,1,13,1e-08,4,cycles_per_t,6,3010006,10,10,True,,10,225.5,22.55
fig3,1,13,1e-08,4,cycles_per_t,7,3010007,10,10,True,,10,257.0,25.7
fig3,1,13,1e-08,4,cycles_per_t,8,3010008,10,10,True,,10,246.0,24.6
fig3,1,13,1e-08,4,cycles_per_t,9,3010009,10,10,True,,10,222.0,22.2
fig3,1,13,1e-08,4,cycles_per_t,0,3009000,10,10,True,,9,282.5,25.425
fig3,1,13,1e-08,4,cycles_per_t,1,3009001,10,10,True,,9,288.5,25.965
fig3,1,13,1e-08,4,cycles_per_t,2,3009002,10,10,True,,9,304.0,27.36
fig3,1,13,1e-08,4,cycles_per_t,3,3009003,10,10,True,,9,313.5,28.215
fig3,1,13,1e-08,4,cycles_per_t,4,3009004,10,10,True,,9,283.5,25.515
fig3,1,13,1e-08,4,cycles_per_t,5,3009005,10,10,True,,9,316.5,28.485
fig3,1,13,1e-08,4,cycles_per_t,6,3009006,10,10,True,,9,288.5,25.965
fig3,1,13,1e-08,4,cycles_per_t,7,3009007,10,10,True,,9,272.0,24.48
fig3,1,13,1e-08,4,cycles_per_t,8,3009008,10,10,True,,9,292.5,26.325
fig3,1,13,1e-08,4,cycles_per_t,9,3009009,10,10,True,,9,300.0,27.0
fig3,1,13,1e-08,4,cycles_per_t,0,3008000,10,10,True,,8,319.0,25.52
fig3,1,13,1e-08,4,cycles_per_t,1,3008001,10,10,True,,8,295.5,23.64
fig3,1,13,1e-08,4,cycles_per_t,2,3008002,10,10,True,,8,340.5,27.24
fig3,1,13,1e-08,4,cycles_per_t,3,3008003,10,10,True,,8,299.0,23.92
fig3,1,13,1e-08,4,cycles_per_t,4,3008004,10,10,True,,8,322.0,25.76
fig3,1,13,1e-08,4,cycles_per_t,5,3008005,10,10,True,,8,321.5,25.72
fig3,1,13,1e-08,4,cycles_per_t,6,3008006,10,10,True,,8,336.5,26.92
fig3,1,13,1e-08,4,cycles_per_t,7,3008007,10,10,True,,8,311.5,24.92
fig3,1,13,1e-08,4,cycles_per_t,8,3008008,10,10,True,,8,333.5,26.68
fig3,1,13,1e-08,4,cycles_per_t,9,3008009,10,10,True,,8,335.5,26.84
fig3,1,13,1e-08,4,cycles_per_t,0,3007000,10,10,True,,7,345.5,24.185
fig3,1,13,1e-08,4,cycles_per_t,1,3007001,10,10,True,,7,311.5,21.805
fig3,1,13,1e-08,4,cycles_per_t,2,3007002,10,10,True,,7,348.0,24.36
fig3,1,13,1e-08,4,cycles_per_t,3,3007003,10,10,True,,7,365.5,25.585
fig3,1,13,1e-08,4,cycles_per_t,4,3007004,10,10,True,,7,349.5,24.465
fig3,1,13,1e-08,4,cycles_per_t,5,3007005,10,10,True,,7,378.0,26.46
fig3,1,13,1e-08,4,cycles_per_t,6,3007006,10,10,True,,7,384.0,26.88
fig3,1,13,1e-08,4,cycles_per_t,7,3007007,10,10,True,,7,358.0,25.06
fig3,1,13,1e-08,4,cycles_per_t,8,3007008,10,10,True,,7,418.5,29.295
fig3,1,13,1e-08,4,cycles_per_t,9,3007009,10,10,True,,7,385.5,26.985
fig3,1,13,1e-08,4,cycles_per_t,0,3006000,10,10,True,,6,394.0,23.64
fig3,1,13,1e-08,4,cycles_per_t,1,3006001,10,10,True,,6,413.5,24.81
fig3,1,13,1e-08,4,cycles_per_t,2,3006002,10,10,True,,6,421.0,25.26
fig3,1,13,1e-08,4,cycles_per_t,3,3006003,10,10,True,,6,431.0,25.86
fig3,1,13,1e-08,4,cycles_per_t,4,3006004,10,10,True,,6,409.0,24.54
fig3,1,13,1e-08,4,cycles_per_t,5,3006005,10,10,True,,6,449.0,26.94
fig3,1,13,1e-08,4,cycles_per_t,6,3006006,10,10,True,,6,399.5,23.97
fig3,1,13,1e-08,4,cycles_per_t,7,3006007,10,10,True,,6,407.0,24.42
fig3,1,13,1e-08,4,cycles_per_t,8,3006008,10,10,True,,6,419.5,25.17
fig3,1,13,1e-08,4,cycles_per_t,9,3006009,10,10,True,,6,427.5,25.65
fig3,1,13,1e-08,4,cycles_per_t,0,3005000,10,10,True,,5,504.5,25.225
fig3,1,13,1e-08,4,cycles_per_t,1,3005001,10,10,True,,5,473.0,23.65
fig3,1,13,1e-08,4,cycles_per_t,2,3005002,10,10,True,,5,497.5,24.875
fig3,1,13,1e-08,4,cycles_per_t,3,3005003,10,10,True,,5,519.5,25.975
fig3,1,13,1e-08,4,cycles_per_t,4,3005004,10,10,True,,5,523.5,26.175
fig3,1,13,1e-08,4,cycles_per_t,5,3005005,10,10,True,,5,508.0,25.4
fig3,1,13,1e-08,4,cycles_per_t,6,3005006,10,10,True,,5,530.5,26.525
fig3,1,13,1e-08,4,cycles_per_t,7,3005007,10,10,True,,5,477.0,23.85
fig3,1,13,1e-08,4,cycles_per_t,8,3005008,10,10,True,,5,528.0,26.4
fig3,1,13,1e-08,4,cycles_per_t,9,3005009,10,10,True,,5,509.5,25.475
fig3,1,13,1e-08,4,cycles_per_t,0,3004000,10,10,True,,4,649.5,25.98
fig3,1,13,1e-08,4,cycles_per_t,1,3004001,10,10,True,,4,661.0,26.44
fig3,1,13,1e-08,4,cycles_per_t,2,3004002,10,10,True,,4,618.5,24.74
fig3,1,13,1e-08,4,cycles_per_t,3,3004003,10,10,True,,4,659.0,26.36
fig3,1,13,1e-08,4,cycles_per_t,4,3004004,10,10,True,,4,632.5,25.3
fig3,1,13,1e-08,4,cycles_per_t,5,3004005,10,10,True,,4,614.5,24.58
fig3,1,13,1e-08,4,cycles_per_t,6,3004006,10,10,True,,4,613.0,24.52
fig3,1,13,1e-08,4,cycles_per_t,7,3004007,10,10,True,,4,621.5,24.86
fig3,1,13,1e-08,4,cycles_per_t,8,3004008,10,10,True,,4,680.0,27.2
fig3,1,13,1e-08,4,cycles_per_t,9,3004009,10,10,True,,4,612.0,24.48
fig3,1,13,1e-08,4,cycles_per_t,0,3003000,10,10,True,,3,777.0,23.31
fig3,1,13,1e-08,4,cycles_per_t,1,3003001,10,10,True,,3,859.5,25.785
fig3,1,13,1e-08,4,cycles_per_t,2,3003002,10,10,True,,3,827.0,24.81
fig3,1,13,1e-08,4,cycles_per_t,3,3003003,10,10,True,,3,907.0,27.21
fig3,1,13,1e-08,4,cycles_per_t,4,3003004,10,10,True,,3,844.0,25.32
fig3,1,13,1e-08,4,cycles_per_t,5,3003005,10,10,True,,3,839.0,25.17
fig3,1,13,1e-08,4,cycles_per_t,6,3003006,10,10,True,,3,805.5,24.165
fig3,1,13,1e-08,4,cycles_per_t,7,3003007,10,10,True,,3,888.0,26.64
fig3,1,13,1e-08,4,cycles_per_t,8,3003008,10,10,True,,3,768.5,23.055
fig3,1,13,1e-08,4,cycles_per_t,9,3003009,10,10,True,,3,863.5,25.905
fig3,1,13,1e-08,4,cycles_per_t,0,3002000,10,10,True,,2,1353.0,27.06
fig3,1,13,1e-08,4,cycles_per_t,1,3002001,10,10,True,,2,1261.0,25.22
fig3,1,13,1e-08,4,cycles_per_t,2,3002002,10,10,True,,2,1291.5,25.83
fig3,1,13,1e-08,4,cycles_per_t,3,3002003,10,10,True,,2,1297.0,25.94
fig3,1,13,1e-08,4,cycles_per_t,4,3002004,10,10,True,,2,1303.0,26.06
fig3,1,13,1e-08,4,cycles_per_t,5,3002005,10,10,True,,2,1213.0,24.26
fig3,1,13,1e-08,4,cycles_per_t,6,3002006,10,10,True,,2,1278.0,25.56
fig3,1,13,1e-08,4,cycles_per_t,7,3002007,10,10,True,,2,1281.5,25.63
fig3,1,13,1e-08,4,cycles_per_t,8,3002008,10,10,True,,2,1210.0,24.2
fig3,1,13,1e-08,4,cycles_per_t,9,3002009,10,10,True,,2,1231.5,24.63
fig3,1,13,1e-08,4,cycles_per_t,0,3001000,10,10,True,,1,2595.0,25.95
fig3,1,13,1e-08,4,cycles_per_t,1,3001001,10,10,True,,1,2585.0,25.85
fig3,1,13,1e-08,4,cycles_per_t,2,3001002,10,10,True,,1,2490.0,24.9
fig3,1,13,1e-08,4,cycles_per_t,3,3001003,10,10,True,,1,2510.0,25.1
fig3,1,13,1e-08,4,cycles_per_t,4,3001004,10,10,True,,1,2728.0,27.28
fig3,1,13,1e-08,4,cycles_per_t,5,3001005,10,10,True,,1,2522.0,25.22
fig3,1,13,1e-08,4,cycles_per_t,6,3001006,10,10,True,,1,2529.0,25.29
fig3,1,13,1e-08,4,cycles_per_t,7,3001007,10,10,True,,1,2375.0,23.75
fig3,1,13,1e-08,4,cycles_per_t,8,3001008,10,10,True,,1,2675.0,26.75
fig3,1,13,1e-08,4,cycles_per_t,9,3001009,10,10,True,,1,2637.0,26.37
fig3,2,13,1e-10,4,cycles_per_t,0,6010000,10,10,True,,10,592.5,59.25
fig3,2,13,1e-10,4,cycles_per_t,1,6010001,10,10,True,,10,625.5,62.55
fig3,2,13,1e-10,4,cycles_per_t,2,6010002,10,10,True,,10,516.0,51.6
fig3,2,13,1e-10,4,cycles_per_t,3,6010003,10,10,True,,10,575.0,57.5
fig3,2,13,1e-10,4,cycles_per_t,4,6010004,10,10,True,,10,559.5,55.95
fig3,2,13,1e-10,4,cycles_per_t,5,6010005,10,10,True,,10,501.0,50.1
fig3,2,13,1e-10,4,cycles_per_t,6,6010006,10,10,True,,10,520.5,52.05
fig3,2,13,1e-10,4,cycles_per_t,7,6010007,10,10,True,,10,555.5,55.55
fig3,2,13,1e-10,4,cycles_per_t,8,6010008,10,10,True,,10,562.5,56.25
fig3,2,13,1e-10,4,cycles_per_t,9,6010009,10,10,True,,10,531.0,53.1
fig3,2,13,1e-10,4,cycles_per_t,0,6009000,10,10,True,,9,678.0,61.02
fig3,2,13,1e-10,4,cycles_per_t,1,6009001,10,10,True,,9,611.5,55.035
fig3,2,13,1e-10,4,cycles_per_t,2,6009002,10,10,True,,9,630.5,56.745
fig3,2,13,1e-10,4,cycles_per_t,3,6009003,10,10,True,,9,618.5,55.665
fig3,2,13,1e-10,4,cycles_per_t,4,6009004,10,10,True,,9,567.0,51.03
fig3,2,13,1e-10,4,cycles_per_t,5,6009005,10,10,True,,9,627.5,56.475
fig3,2,13,1e-10,4,cycles_per_t,6,6009006,10,10,True,,9,660.5,59.445
fig3,2,13,1e-10,4,cycles_per_t,7,6009007,10,10,True,,9,602.5,54.225
fig3,2,13,1e-10,4,cycles_per_t,8,6009008,10,10,True,,9,594.5,53.505
fig3,2,13,1e-10,4,cycles_per_t,9,6009009,10,10,True,,9,575.5,51.795
fig3,2,13,1e-10,4,cycles_per_t,0,6008000,10,10,True,,8,734.0,58.72
fig3,2,13,1e-10,4,cycles_per_t,1,6008001,10,10,True,,8,749.5,59.96
fig3,2,13,1e-10,4,cycles_per_t,2,6008002,10,10,True,,8,608.0,48.64
fig3,2,13,1e-10,4,cycles_per_t,3,6008003,10,10,True,,8,693.5,55.48
fig3,2,13,1e-10,4,cycles_per_t,4,6008004,10,10,True,,8,746.0,59.68
fig3,2,13,1e-10,4,cycles_per_t,5,6008005,10,10,True,,8,658.0,52.64
fig3,2,13,1e-10,4,cycles_per_t,6,6008006,10,10,True,,8,701.0,56.08
fig3,2,13,1e-10,4,cycles_per_t,7,6008007,10,10,True,,8,716.5,57.32
fig3,2,13,1e-10,4,cycles_per_t,8,6008008,10,10,True,,8,703.0,56.24
fig3,2,13,1e-10,4,cycles_per_t,9,6008009,10,10,True,,8,638.5,51.08
fig3,2,13,1e-10,4,cycles_per_t,0,6007000,10,10,True,,7,757.5,53.025
fig3,2,13,1e-10,4,cycles_per_t,1,6007001,10,10,True,,7,813.0,56.91
fig3,2,13,1e-10,4,cycles_per_t,2,6007002,10,10,True,,7,629.0,44.03
fig3,2,13,1e-10,4,cycles_per_t,3,6007003,10,10,True,,7,715.0,50.05
fig3,2,13,1e-10,4,cycles_per_t,4,6007004,10,10,True,,7,799.5,55.965
fig3,2,13,1e-10,4,cycles_per_t,5,6007005,10,10,True,,7,837.0,58.59
fig3,2,13,1e-10,4,cycles_per_t,6,6007006,10,10,True,,7,797.0,55.79
fig3,2,13,1e-10,4,cycles_per_t,7,6007007,10,10,True,,7,885.0,61.95
fig3,2,13,1e-10,4,cycles_per_t,8,6007008,10,10,True,,7,823.5,57.645
fig3,2,13,1e-10,4,cycles_per_t,9,6007009,10,10,True,,7,750.0,52.5
fig3,2,13,1e-10,4,cycles_per_t,0,6006000,10,10,True,,6,958.0,57.48
fig3,2,13,1e-10,4,cycles_per_t,1,6006001,10,10,True,,6,870.5,52.23
fig3,2,13,1e-10,4,cycles_per_t,2,6006002,10,10,True,,6,911.0,54.66
fig3,2,13,1e-10,4,cycles_per_t,3,6006003,10,10,True,,6,905.5,54.33
fig3,2,13,1e-10,4,cycles_per_t,4,6006004,10,10,True,,6,820.5,49.23
fig3,2,13,1e-10,4,cycles_per_t,5,6006005,10,10,True,,6,954.0,57.24
fig3,2,13,1e-10,4,cycles_per_t,6,6006006,10,10,True,,6,934.0,56.04
fig3,2,13,1e-10,4,cycles_per_t,7,6006007,10,10,True,,6,962.5,57.75
fig3,2,13,1e-10,4,cycles_per_t,8,6006008,10,10,True,,6,835.0,50.1
fig3,2,13,1e-10,4,cycles_per_t,9,6006009,10,10,True,,6,794.0,47.64
fig3,2,13,1e-10,4,cycles_per_t,0,6005000,10,10,True,,5,1100.0,55.0
fig3,2,13,1e-10,4,cycles_per_t,1,6005001,10,10,True,,5,1106.0,55.3
fig3,2,13,1e-10,4,cycles_per_t,2,6005002,10,10,True,,5,1086.0,54.3
fig3,2,13,1e-10,4,cycles_per_t,3,6005003,10,10,True,,5,1133.0,56.65
fig3,2,13,1e-10,4,cycles_per_t,4,6005004,10,10,True,,5,1200.5,60.025
fig3,2,13,1e-10,4,cycles_per_t,5,6005005,10,10,True,,5,1226.5,61.325
fig3,2,13,1e-10,4,cycles_per_t,6,6005006,10,10,True,,5,1180.5,59.025
fig3,2,13,1e-10,4,cycles_per_t,7,6005007,10,10,True,,5,954.0,47.7
fig3,2,13,1e-10,4,cycles_per_t,8,6005008,10,10,True,,5,1113.5,55.675
fig3,2,13,1e-10,4,cycles_per_t,9,6005009,10,10,True,,5,1080.0,54.0
fig3,2,13,1e-10,4,cycles_per_t,0,6004000,10,10,True,,4,1482.5,59.3
fig3,2,13,1e-10,4,cycles_per_t,1,6004001,10,10,True,,4,1223.0,48.92
fig3,2,13,1e-10,4,cycles_per_t,2,6004002,10,10,True,,4,1313.0,52.52
fig3,2,13,1e-10,4,cycles_per_t,3,6004003,10,10,True,,4,1478.5,59.14
fig3,2,13,1e-10,4,cycles_per_t,4,6004004,10,10,True,,4,1281.0,51.24
fig3,2,13,1e-10,4,cycles_per_t,5,6004005,10,10,True,,4,1290.5,51.62
fig3,2,13,1e-10,4,cycles_per_t,6,6004006,10,10,True,,4,1216.0,48.64
fig3,2,13,1e-10,4,cycles_per_t,7,6004007,10,10,True,,4,1251.5,50.06
fig3,2,13,1e-10,4,cycles_per_t,8,6004008,10,10,True,,4,1397.5,55.9
fig3,2,13,1e-10,4,cycles_per_t,9,6004009,10,10,True,,4,1523.5,60.94
fig3,2,13,1e-10,4,cycles_per_t,0,6003000,10,10,True,,3,1748.5,52.455
fig3,2,13,1e-10,4,cycles_per_t,1,6003001,10,10,True,,3,1874.0,56.22
fig3,2,13,1e-10,4,cycles_per_t,2,6003002,10,10,True,,3,1889.0,56.67
fig3,2,13,1e-10,4,cycles_per_t,3,6003003,10,10,True,,3,1781.5,53.445
fig3,2,13,1e-10,4,cycles_per_t,4,6003004,10,10,True,,3,1789.0,53.67
fig3,2,13,1e-10,4,cycles_per_t,5,6003005,10,10,True,,3,1546.5,46.395
fig3,2,13,1e-10,4,cycles_per_t,6,6003006,10,10,True,,3,1591.5,47.745
fig3,2,13,1e-10,4,cycles_per_t,7,6003007,10,10,True,,3,1952.0,58.56
fig3,2,13,1e-10,4,cycles_per_t,8,6003008,10,10,True,,3,1740.0,52.2
fig3,2,13,1e-10,4,cycles_per_t,9,6003009,10,10,True,,3,1853.0,55.59
fig3,2,13,1e-10,4,cycles_per_t,0,6002000,10,10,True,,2,2685.5,53.71
fig3,2,13,1e-10,4,cycles_per_t,1,6002001,10,10,True,,2,2600.0,52.0
fig3,2,13,1e-10,4,cycles_per_t,2,6002002,10,10,True,,2,2644.0,52.88
fig3,2,13,1e-10,4,cycles_per_t,3,6002003,10,10,True,,2,2698.0,53.96
fig3,2,13,1e-10,4,cycles_per_t,4,6002004,10,10,True,,2,2677.0,53.54
fig3,2,13,1e-10,4,cycles_per_t,5,6002005,10,10,True,,2,2494.0,49.88
fig3,2,13,1e-10,4,cycles_per_t,6,6002006,10,10,True,,2,2539.0,50.78
fig3,2,13,1e-10,4,cycles_per_t,7,6002007,10,10,True,,2,2725.0,54.5
fig3,2,13,1e-10,4,cycles_per_t,8,6002008,10,10,True,,2,2283.0,45.66
fig3,2,13,1e-10,4,cycles_per_t,9,6002009,10,10,True,,2,2676.0,53.52
fig3,2,13,1e-10,4,cycles_per_t,0,6001000,10,10,True,,1,5563.0,55.63
fig3,2,13,1e-10,4,cycles_per_t,1,6001001,10,10,True,,1,4821.0,48.21
fig3,2,13,1e-10,4,cycles_per_t,2,6001002,10,10,True,,1,5120.0,51.2
fig3,2,13,1e-10,4,cycles_per_t,3,6001003,10,10,True,,1,4638.0,46.38
fig3,2,13,1e-10,4,cycles_per_t,4,6001004,10,10,True,,1,4771.0,47.71
fig3,2,13,1e-10,4,cycles_per_t,5,6001005,10,10,True,,1,5662.0,56.62
fig3,2,13,1e-10,4,cycles_per_t,6,6001006,10,10,True,,1,5515.0,55.15
fig3,2,13,1e-10,4,cycles_per_t,7,6001007,10,10,True,,1,5832.0,58.32
fig3,2,13,1e-10,4,cycles_per_t,8,6001008,10,10,True,,1,4873.0,48.73
fig3,2,13,1e-10,4,cycles_per_t,9,6001009,10,10,True,,1,5538.0,55.38
